object_id,oof_proba,target
Dornhoth_fervain_onodrim,0.032726124,0
Dornhoth_galadh_ylf,0.46490943,0
Elrim_melethril_thul,0.013640609,0
Ithil_tobas_rodwen,0.46779045,0
Mirion_adar_Druadan,0.01463087,0
Mirion_lalaith_neledh,0.018372802,0
Rochirrim_lebdas_pethron,0.05795192,0
acharn_lend_Mithrim,0.020786429,0
achas_iar_gaur,0.031200293,0
aduial_nur_luith,0.32935566,0
amath_gwador_helegnen,0.0091681415,0
amlug_loss_ang,0.009044008,0
amon_imloth_luin,0.77969986,1
andrann_puig_fern,0.052120823,0
ang_cugu_harad,0.07014738,0
ang_neledh_aith,0.1469205,0
angos_rusc_curunir,0.01757895,0
annon_adab_lossen,0.013850344,0
araf_hub_faun,0.06855267,0
aras_ryn_manadh,0.020825794,0
badhor_graw_aiglos,0.005274312,0
badhor_magol_merilin,0.012303865,0
badhor_onodrim_alagos,0.014989392,0
baneth_pilin_tachol,0.1262322,0
bragol_bronwe_lagor,0.0131759485,0
bragol_nothrim_gas,0.32955924,0
celair_aerlinn_aes,0.07019275,0
cirion_ira_Ithil,0.09640041,0
corch_faun_min,0.6506886,0
corf_Mirion_toll,0.016525948,0
cuin_haudh_cenedril,0.06942383,0
cuin_law_amon,0.08281277,0
dam_corch_agar,0.09395156,0
dirnaith_achas_noroth,0.04515209,0
drafn_araf_ryn,0.8565883,1
eilian_pilin_fang,0.059151493,0
eilian_pod_firiel,0.34099132,0
elu_rusc_nath,0.84528327,1
elvellon_fast_annon,0.09654615,0
ennorath_guldur_aear,0.010926727,0
erchion_ungol_aduial,0.13822496,0
espalass_melethron_ungol,0.012366509,0
espalass_nestad_hul,0.06994636,0
fae_haeron_merilin,0.7739757,0
fang_ira_nell,0.041973356,0
fast_ang_lebenedh,0.014573503,0
fast_celeb_bregedur,0.011946899,0
firiel_lend_mithril,0.26902768,0
fuin_bragol_talraph,0.014862018,0
galad_thangail_pethron,0.007587269,0
gas_cair_gondrath,0.8669737,0
gas_glaur_daen,0.58484197,0
gaurwaith_Ithil_rhach,0.041744564,0
gli_lembas_galadhrim,0.03713195,0
gond_aduial_suil,0.19349667,0
gond_pent_Dornhoth,0.41389287,0
gondrath_saer_rach,0.55395854,0
graw_heledir_lunt,0.0058360007,0
graw_idhren_narthan,0.012443969,0
gul_braig_baug,0.025944453,0
gwador_thurin_hal,0.3504359,0
gwathui_adan_barad,0.3969091,0
gwilwileth_aegas_ah,0.008600378,0
gwilwileth_ungol_aegas,0.611391,0
hand_gwathui_alae,0.01201868,0
hand_parf_gwathui,0.013858732,0
helegnen_luith_raug,0.058808185,0
helegnen_tathar_hend,0.013921941,0
hervess_calad_firiel,0.09315421,0
hervess_hend_lam,0.034823257,1
hud_fast_hend,0.16351491,0
imrad_achas_glamor,0.8957596,1
imrad_nothrim_Sindarin,0.111540556,0
ingem_hub_lembas,0.66234845,0
ingem_lost_acharn,0.01491839,0
ist_acharn_pendrath,0.319733,0
lagor_narthan_mindon,0.37994254,0
lang_lalaith_meldir,0.014802287,0
law_minuial_cabor,0.009513881,0
lebdas_adab_aglareb,0.05159804,0
limlug_mindon_iar,0.784837,0
limlug_pess_gwend,0.042198036,0
lobor_mithren_fang,0.038108148,0
lossen_pess_duin,0.083765075,0
lost_ungol_draug,0.29260463,0
luith_gobennas_ang,0.0042789094,0
luith_saig_aranarth,0.012483178,0
luithien_mindon_eirien,0.009161078,0
maethor_meldir_rhosc,0.029700346,0
magor_elvellon_caras,0.8648657,0
malad_saer_balrog,0.094936915,0
manadh_gaurwaith_lalaith,0.027543385,0
melethron_panas_aeglir,0.04039918,0
mereth_aiglos_ram,0.014603137,0
mindon_helegnen_galad,0.11492408,0
mithril_suil_cugu,0.6742848,1
myril_thurin_ist,0.017102664,0
nadhras_pethron_ulug,0.07810625,0
narthan_cugu_mir,0.027166417,0
neledh_eglan_gwaloth,0.011593151,0
nestad_agarwaen_saer,0.09015568,0
nimbrethil_adab_maethor,0.6876375,0
nur_nidh_fuin,0.07481804,0
ogol_saig_adab,0.008520457,0
onodrim_hervess_firion,0.40371186,0
paich_Mirion_aeruil,0.05928753,0
paich_erchion_ablad,0.009023369,0
paich_graw_haradrim,0.16218664,0
panas_lalaith_bronwe,0.11835579,0
parf_per_ruith,0.014386674,0
pendrath_Gwathuirim_Elrim,0.011491333,0
pent_agor_bronwe,0.62835956,1
per_hwiniol_nimbrethil,0.02147502,0
perian_gwend_gwilwileth,0.018498415,0
perian_mir_balrog,0.0115773175,0
pethron_corf_menel,0.264821,0
raef_hud_baug,0.74995494,1
ram_thavron_rusc,0.43226314,1
rhach_bellas_alae,0.008479183,0
rhun_mir_magol,0.05014572,0
riel_glae_gellui,0.1503015,0
riel_glass_lasguil,0.016525151,0
riel_nadhras_firiel,0.02624145,0
ris_hul_minas,0.04775918,0
ris_perian_Tawarwaith,0.01809208,0
rist_anwar_amlug,0.12237586,0
roch_hal_eryn,0.05673215,0
roch_magol_luin,0.545326,0
rochben_roch_naer,0.009748977,0
rom_cae_mil,0.01640995,0
rom_lass_laug,0.4223503,0
romru_elvellon_alph,0.114758484,0
rudh_achas_lachenn,0.037625737,0
ruith_nell_alph,0.013255399,0
ruith_nur_aranarth,0.11085477,0
ryn_amarth_rhach,0.011908493,0
saig_nagol_rodwen,0.13794675,0
salph_iar_merilin,0.03251972,0
sammar_luin_rom,0.026713017,0
soga_forodrim_aith,0.01360277,0
soga_galad_amon,0.031440336,0
suil_sogannen_bain,0.3817129,1
talraph_anann_nestad,0.019496972,0
tang_aranarth_gwanur,0.055348217,0
tavor_hud_parf,0.8367974,0
tavor_luin_espalass,0.015769133,0
thamas_hud_cuil,0.45539755,1
thul_iar_lalaith,0.08286559,0
tinnu_maen_gaurwaith,0.042851906,0
tirith_randir_gwanur,0.1431975,0
tobas_Elrim_salph,0.86051595,1
tobas_hub_glandagol,0.016184008,0
uir_edlothiad_espalass,0.048322074,0
uruk_narthan_lin,0.016070893,0
ylf_gath_dannas,0.8030284,0
Druadan_rodwen_bragol,0.4469585,1
Elrim_harad_menel,0.8372893,1
Eluwaith_nestad_in,0.019958371,0
Ennor_nimp_rovalug,0.017407399,0
Rochirrim_dunadan_annon,0.13950647,0
Rochirrim_pennas_fervain,0.081434086,0
aes_faun_melethron,0.10879082,0
agor_galenas_pod,0.019127019,0
agor_gaurwaith_hervenn,0.018936198,0
ah_eirien_mithren,0.08615212,0
aiglos_iphant_corf,0.010143979,0
amath_lobor_rhun,0.24505404,0
amloth_gaw_lalaith,0.07732333,0
amloth_talraph_puig,0.011671864,0
angos_rochir_aras,0.62386364,1
ank_raegdan_iaun,0.56905377,0
araf_gwaun_nagol,0.034231637,0
aran_lin_gwaun,0.03386972,0
badhor_mirdan_hwiniol,0.019193491,0
bass_thamas_galadhrim,0.015291444,0
bellas_nell_amath,0.049839202,0
bellas_rochben_aith,0.22681756,0
bragol_gwathui_gobennas,0.6194669,0
bragol_ninglor_ank,0.029063914,0
braig_dunedhel_elu,0.012189116,0
calad_suil_badhor,0.01331892,0
callon_daen_harad,0.21744512,0
callon_pess_hand,0.6256453,0
caras_uanui_merilin,0.18726136,0
celeb_Ithil_cuin,0.022603987,0
celon_agor_elu,0.020477476,0
cirdan_araf_maecheneb,0.8511225,0
cuin_corch_nothrim,0.044037797,0
cuin_gondrath_aith,0.0119967135,0
cuin_pess_uir,0.010047818,0
cund_Mirion_dunedhel,0.2584974,0
dirnaith_heledh_minas,0.0149184195,0
dol_mirdan_adan,0.18530566,0
drafn_achas_rochben,0.2029678,0
drego_amlug_galadhrim,0.1324676,0
dunedhel_min_hub,0.0146819055,0
edlothiad_celeb_menel,0.10438203,0
eilian_hud_lossen,0.018323058,0
erchion_lend_lain,0.12056729,0
eredh_nothrim_hador,0.017321128,0
espalass_ryn_ist,0.10288308,0
fast_cenedril_pod,0.644511,0
faun_heledh_onodrim,0.0084353145,0
firiel_tinuviel_ennorath,0.3424399,0
gador_galad_myril,0.011348038,0
galadhrim_bellas_amarth,0.12162048,0
gath_laes_gaur,0.7782678,0
gaurwaith_tamin_ungol,0.4556556,1
gaw_hador_peredhel,0.013469271,0
gellui_maecheneb_raef,0.019095555,0
gil_mithren_luithien,0.008514363,0
glandagol_dunadan_min,0.0727842,0
glass_menel_rudh,0.03822879,0
glass_nidh_cenedril,0.008076843,0
gobennas_gondrath_puig,0.09976144,0
gond_Mirion_lain,0.21191691,0
gondrath_haudh_mund,0.7133992,0
gorn_lebenedh_bregedur,0.028591821,0
gorn_narthan_agar,0.10949853,0
grond_ogol_pennas,0.015673494,0
gul_celon_gond,0.009455317,0
gul_eirien_anwar,0.009583136,0
gwanur_Gwathuirim_Rochirrim,0.04508963,0
gwanur_thul_firion,0.012050693,0
gwarth_bellas_glamor,0.6682425,1
gwend_grond_Mithrim,0.10419301,0
harad_archam_cae,0.02014787,0
harad_rochben_forodrim,0.28300875,0
harad_tirith_mithren,0.7419954,1
haradrim_fae_maecheneb,0.4811214,0
haudh_pod_maecheneb,0.014108923,0
helegnen_faradrim_cae,0.86102366,1
hervenn_rhosc_honeg,0.010073334,0
hervenn_tang_callon,0.014041912,0
hervess_bellas_aiglos,0.2301128,0
honeg_fern_saig,0.02162431,0
honeg_romru_soga,0.0061307745,0
hud_bregedur_rist,0.88777405,1
idhren_aear_min,0.017803308,0
idhren_paich_merilin,0.023182284,0
ithron_andrann_lebdas,0.042252798,0
lacha_Ennor_ogol,0.022872793,0
lachenn_dirnaith_gwador,0.05922289,0
lachenn_imlad_cugu,0.39316297,0
laer_rusc_uruk,0.031018978,0
lain_imlad_salph,0.008630846,0
lain_tinuviel_aduial,0.01718606,0
lam_aeruil_muinthel,0.21130589,0
lam_anann_gador,0.07108582,0
law_ithildin_andrann,0.012408884,0
law_pent_sammar,0.020710416,0
lorn_thul_gwathui,0.4143638,0
loss_iaun_gwael,0.010840465,0
loss_laer_amloth,0.029373238,0
loss_toll_perian,0.056058712,0
lossen_aear_faun,0.13051696,0
luith_fast_aear,0.020580323,0
maethor_tobas_laug,0.014731224,0
magol_mund_baug,0.06724602,0
magor_hend_amarth,0.013807236,0
melethron_graw_imrath,0.5732716,1
menel_hervess_lend,0.026783578,0
mereth_faun_bass,0.18230319,0
mereth_lachenn_heleg,0.009291563,0
min_noroth_manadh,0.013944906,0
minai_uruk_rochir,0.10288909,0
minas_lain_cirion,0.6690537,0
mindon_tang_firion,0.06659745,0
minuial_meril_salab,0.091697335,0
morgul_ennorath_magor,0.055181935,0
morn_sogannen_midh,0.10980505,0
muinthel_iphant_tathar,0.01245221,0
nadhras_galas_nestad,0.057562143,0
nagol_lavan_salab,0.10799529,0
nana_Mithrim_fuin,0.018139701,0
nana_lost_luin,0.13694564,0
narthan_hub_daen,0.07124436,0
nimbrethil_fern_aphadrim,0.0328301,0
noroth_hend_grond,0.04261768,0
nothrim_ninglor_tinuviel,0.021300057,0
paich_ithildin_gorn,0.011232058,0
panas_magol_loss,0.32497397,0
panas_pilin_ah,0.014104831,0
parf_Ennor_idhren,0.13471738,0
pennas_baneth_ingem,0.013484502,0
per_baug_cund,0.03508756,0
pess_ank_cabor,0.043792922,0
rach_Gonhir_rom,0.081233405,0
raef_lossen_panas,0.02167978,0
ram_haeron_imrath,0.006139481,0
raug_parf_ungol,0.04037285,0
rhach_aeglir_midh,0.19890995,0
rhach_aeruil_glandagol,0.023657765,0
rhosc_menel_eirien,0.035941623,0
rhosc_meril_uir,0.41315812,0
rhun_anwar_iaun,0.3553165,1
rhun_gwador_toll,0.027378406,0
rist_lacha_hal,0.056991022,0
rochir_Sindarin_merilin,0.33438602,0
rovalug_adel_tamin,0.09552117,0
rovalug_drego_lachenn,0.012854593,0
rovalug_imlad_alagos,0.031347413,0
rudh_hul_cair,0.008225931,0
ruith_rochben_aes,0.027637476,0
rusc_erchion_balrog,0.844816,1
saelor_glass_cenedril,0.50695765,1
saer_imrath_gorn,0.039821576,0
saig_Rochirrim_haust,0.8209699,0
saig_sammar_faen,0.010703904,0
sammar_gond_fast,0.014096551,0
sirion_lobor_angos,0.033794887,0
soga_yll_cirdan,0.024958497,0
talraph_glamor_galad,0.0500089,0
tathar_noroth_thor,0.013473473,0
thamas_gwilwileth_cund,0.07051652,0
thamas_minas_tavor,0.13443027,0
thamas_sammar_ira,0.03431066,0
thangail_fae_riel,0.5666343,0
thor_cabor_eilian,0.03981359,0
thor_ennorath_iar,0.011449448,0
thor_lobor_hand,0.106306545,0
thul_neledh_nur,0.019641338,0
tinuviel_randir_cuil,0.7572642,0
tinuviel_tamin_melethron,0.032143246,0
tirith_amath_mil,0.04313348,0
Druadan_lorn_morgul,0.014375821,0
Eluwaith_lain_curunir,0.19390407,0
Eru_saelor_tegilbor,0.34220275,1
Mithrim_merilin_gwachaedir,0.33991584,0
Rochirrim_pent_gil,0.115494855,0
Sindarin_rusc_glamog,0.024490407,0
acharn_nost_mil,0.1576908,0
acharn_uir_bregedur,0.3156249,0
adab_Gonhir_gwanur,0.0054601007,0
adar_inias_hand,0.8412854,0
aerlinn_raef_nimbrethil,0.2437693,0
aes_perian_fae,0.010969802,0
aes_rhovan_erchion,0.03895029,0
ah_fervain_Ennor,0.013522394,0
ah_mir_Mithrim,0.0098210275,0
amarth_ai_Gonhir,0.3685886,0
amarth_heledir_gil,0.096075304,0
amath_celon_agarwaen,0.02499925,0
anann_rom_anwar,0.14116086,0
angos_tamin_haust,0.0088384645,0
ank_fast_luithien,0.05751559,0
ank_glandagol_law,0.025225116,0
anwar_gas_gaw,0.01722558,0
aphadrim_lain_minai,0.00916984,0
aran_aear_muinthel,0.029182592,0
aras_Elrim_Gwathuirim,0.90000737,0
badhor_firiel_tinnu,0.24057074,0
bain_gobennas_minas,0.06072389,0
cabor_paich_galad,0.0385447,0
calad_laug_erchion,0.04190975,0
callon_thangail_aerlinn,0.102775514,0
certh_adel_imlad,0.16244395,0
certh_curunir_luith,0.0063203294,0
cirdan_luith_maethor,0.3476924,0
cirion_cair_echad,0.15897164,0
cugu_ruith_toll,0.008412111,0
cuil_magor_andrann,0.015607705,0
daen_saelor_gil,0.010822471,0
dagnir_archam_raegdan,0.016122002,0
edlothiad_Ennor_graw,0.42070276,0
elvellon_gador_fern,0.105182566,0
erchion_lobor_hwiniol,0.72903633,1
eryn_roch_tann,0.5024638,0
fang_aegas_fervain,0.009052914,0
faradrim_yll_honeg,0.009104989,0
faun_faradrim_cae,0.0798705,0
fern_lagor_guldur,0.01626076,0
fervain_tamin_firion,0.01614821,0
firiel_maen_sirion,0.6380312,0
forodrim_dunedhel_galadhrim,0.008550536,0
fuin_helegnen_rochir,0.020558711,0
galadhrim_aderthad_balrog,0.013570559,0
galadhrim_inias_Dornhoth,0.016670894,0
galadhrim_uruk_gwend,0.033238385,0
galvorn_gador_braig,0.020604894,0
gas_magol_idhren,0.095779814,0
gil_amdir_corf,0.024913732,0
gilgalad_nidh_mir,0.05375054,0
glaur_Rochirrim_aeglir,0.041805167,0
gwador_pent_faun,0.009579608,0
gwaloth_aith_ulug,0.051535323,0
gwanur_adar_anwar,0.21084493,0
gwarth_lin_lasguil,0.86987686,0
gwarth_rach_magor,0.19529288,0
gwathui_gwael_heron,0.042351954,0
gwathui_navaer_glaur,0.8998631,1
gwaun_naer_tamin,0.017523251,0
gwend_dol_inias,0.14170204,0
gwend_harad_lalaith,0.024661683,0
gwilwileth_cair_tavor,0.28533256,0
hadhod_ram_calad,0.02114388,0
hal_alae_suil,0.02038245,0
hast_eryn_ah,0.009958145,0
haust_vin_uan,0.062147114,0
heleg_agar_melethron,0.017020192,0
helegnen_idhren_hul,0.010195024,0
helegnen_tachol_corf,0.06860017,0
imrad_lebed_corf,0.21421444,0
imrath_gaurwaith_mil,0.31907207,0
in_hervenn_malad,0.00780281,0
lain_bronwe_tamin,0.008632695,0
lain_gilgalad_pess,0.067941576,0
lam_gwanur_lin,0.04134428,0
lam_lathron_talraph,0.00701018,0
laug_imrath_gaur,0.024908178,0
lebed_nadhras_iphant,0.012544196,0
lebenedh_imrad_adab,0.012108324,0
lebenedh_law_gwaloth,0.0100696115,0
lhug_amlug_ithildin,0.42341375,0
lin_cirion_maecheneb,0.16606185,0
lossen_rovalug_luithien,0.10368078,0
luin_thor_aear,0.8005461,0
lunt_gwend_imrath,0.7530157,0
magol_hador_thor,0.064023145,0
magor_aiglos_amon,0.027499393,0
melethron_drafn_Gwathuirim,0.0064969803,0
mil_emel_mir,0.019070005,0
min_heleg_pethron,0.030898932,0
morgul_lembas_dam,0.16286533,0
muil_bragol_aeruil,0.025538214,0
muil_inias_dunadan,0.008742143,0
muinthel_aegas_Druadan,0.0066668913,0
muinthel_cuil_uan,0.014272454,0
mund_parf_Eru,0.01697918,0
nana_celeb_fast,0.010703139,0
narthan_puig_haeron,0.46357897,0
nell_dam_guldur,0.015515354,0
nell_rusc_roch,0.7236815,0
nestad_sogannen_gobennas,0.062268928,0
nidh_pendrath_dunedhel,0.044204008,0
nim_cuin_saer,0.008521301,0
nimp_tamin_alagos,0.015667876,0
ninglor_ank_helegnen,0.014149751,0
nost_tachol_rom,0.067422345,0
nur_angos_gaurwaith,0.015246999,0
pent_gobennas_achas,0.13885693,0
perian_gwaun_minuial,0.054622483,0
pilin_minai_bellas,0.28147689,0
ram_ogol_cuil,0.010461401,0
riel_edlothiad_elvellon,0.022191955,0
ris_heledh_Tawarwaith,0.06003168,0
ris_hud_magor,0.419427,0
rochir_eirien_tann,0.009399667,0
romru_Gwathuirim_per,0.01992044,0
romru_ithildin_alagos,0.014683924,0
ruith_bain_gwachaedir,0.1417326,0
rusc_emel_rist,0.14774175,0
sador_bass_tinuviel,0.1566232,0
saer_ylf_hervess,0.014724181,0
saew_aglareb_rhun,0.36735225,0
saig_forodrim_bass,0.123347186,0
tang_Gwathuirim_aerlinn,0.07333422,0
thamas_pethron_eilian,0.017982125,0
thangail_aran_adan,0.014148869,0
thangail_rhun_meldir,0.021827105,0
uan_bellas_iaun,0.015760783,0
ulug_espalass_muil,0.05322823,0
vin_celeb_ruith,0.20917751,0
Dornhoth_rist_lalaith,0.009097509,0
Elrim_firiel_soga,0.5905322,0
Elrim_heledir_fervain,0.035673443,0
Gwathuirim_meldir_fuin,0.85132617,1
Ithil_uanui_Eluwaith,0.166407,0
Mirion_baug_angos,0.013691266,0
Sindarin_araf_pilin,0.9245279,1
adar_amlug_eryn,0.009025362,0
adel_glae_melethron,0.053632356,0
aderthad_ulug_nadhras,0.01467916,0
aduial_anann_aphadrim,0.044552367,0
aerlinn_nagol_bellas,0.08273554,0
agor_araf_faradrim,0.0075216577,0
amloth_pess_gwathui,0.17834926,0
amon_cirion_annon,0.9198496,1
angos_celon_lain,0.04734338,0
ank_heledh_rudh,0.030884456,0
anwar_gilgalad_luith,0.33114246,1
anwar_raef_fervain,0.008624119,0
aranarth_gwilwileth_laer,0.19489409,0
aras_minai_yll,0.019996531,0
aras_rusc_rhovan,0.017679213,0
archam_calad_lossen,0.027252184,0
badhor_rhach_rach,0.28974298,0
balrog_gil_rhosc,0.10363407,0
barad_nur_gobennas,0.012145729,0
corf_annon_talraph,0.08043856,0
cugu_mund_celeb,0.012846832,0
cund_gath_loss,0.40921688,0
cund_lathron_galenas,0.18988124,0
cyron_amlug_lebenedh,0.19183147,0
dannas_gul_bronwe,0.017654374,0
dol_adan_dunadan,0.0053321705,0
drafn_mund_mithren,0.021413604,0
draug_drafn_gwend,0.04620159,0
eirien_Druadan_ingem,0.8502509,1
eirien_uruk_cirdan,0.09433918,0
elu_certh_lam,0.018771373,0
emel_annon_aith,0.088223875,0
erchion_alagos_thurin,0.020621933,0
eryn_saig_cirdan,0.07026093,0
fang_gwilwileth_uan,0.12275368,0
fang_thamas_eirien,0.46050757,1
fern_aerlinn_rhovan,0.019860178,0
firion_erchion_glae,0.019914048,0
forodrim_Mirion_balrog,0.013108149,0
forodrim_navaer_rhach,0.06877203,0
fuin_ryn_amdir,0.15052912,1
gador_Tawarwaith_rhovan,0.46565202,0
gaur_barad_faradrim,0.01466774,0
gaur_galas_rach,0.00982333,0
gaurwaith_ira_fast,0.010090899,0
gilgalad_nothrim_alph,0.029979024,0
glae_aear_minai,0.2669129,0
glae_anwar_adab,0.008357319,0
glandagol_gwael_gaur,0.30532393,0
gli_cirdan_lobor,0.4608033,0
graw_anann_uir,0.044470936,0
gwael_saer_lebenedh,0.01533168,0
gwarth_lorn_lost,0.009889813,0
gwilwileth_dirnaith_lagor,0.026693003,0
hadhod_annon_agarwaen,0.50436443,0
haeron_pendrath_gwaloth,0.0348413,0
haradrim_pess_gwarth,0.21507692,0
haust_fuin_paich,0.096771136,0
helegnen_rovalug_anwar,0.01988213,0
hervenn_Gonhir_eryn,0.009031677,0
hervenn_alae_braig,0.102097586,0
hud_uanui_ira,0.051517975,0
iaun_gil_cuin,0.13179906,0
imlad_heron_lang,0.013400475,0
ist_erchion_cyron,0.1168991,0
ithron_galvorn_gaur,0.86061543,1
lacha_amlug_braig,0.13972592,0
lacha_duin_uanui,0.013998149,0
lachenn_galenas_tamin,0.14974098,0
laer_gellui_gador,0.008185877,0
lam_aegas_romru,0.8312769,0
lass_suil_aiglos,0.19586001,0
lavan_peredhel_pilin,0.14277203,0
law_soga_Tawarwaith,0.018779555,0
lebdas_noroth_ang,0.008365208,0
lebenedh_aith_aear,0.027951214,0
lembas_hast_helegnen,0.043351308,0
lobor_gwachaedir_emel,0.608453,0
lost_muil_cabed,0.034537565,0
lost_ulug_aeglir,0.036930956,0
lunt_thul_Sindarin,0.06258416,0
maethor_ah_haeron,0.011131018,0
mereth_iphant_gil,0.057071205,0
mil_ris_lain,0.06726916,0
minai_lebed_eilian,0.0112169245,0
morn_naer_fang,0.016614763,0
muil_Gwathuirim_espalass,0.4240333,0
nana_aith_eglan,0.024687767,0
narthan_suil_araf,0.011452288,0
neledh_nell_cuin,0.11498639,0
nell_ithildin_uir,0.06855597,0
nestad_ablad_rach,0.10284533,0
nidh_ram_achas,0.2298279,0
nim_lossen_lang,0.057124343,0
onodrim_dirnaith_minas,0.0077583604,0
onodrim_ulug_lobor,0.116007164,0
panas_salph_raug,0.009068598,0
panas_soga_gador,0.008272106,0
peredhel_aeruil_forodrim,0.08758498,0
perian_lagor_luithien,0.010005482,0
pethron_Elrim_rochben,0.019269025,0
pethron_neledh_glae,0.053790275,0
pod_gondrath_archam,0.069759265,0
pod_iar_celeb,0.64932,0
raef_Mirion_lebed,0.8466708,1
randir_dam_ennorath,0.6442435,0
rhosc_minai_hend,0.012356971,0
rhosc_noroth_bragol,0.038230166,0
rhun_fang_tavor,0.17753546,0
rom_raef_lavan,0.015941368,0
ruith_cuil_fast,0.013660908,0
rust_hador_parf,0.2302383,0
ryn_thamas_imrath,0.02790647,0
sador_lin_eilian,0.412763,0
saer_aith_talraph,0.010746054,0
saig_idhren_daen,0.7113994,0
salab_heledh_Rochirrim,0.011490128,0
salab_hu_maethor,0.6590942,0
salab_hwiniol_ira,0.0193684,0
salab_tirith_Ithil,0.034070212,1
sammar_idhren_nath,0.15623184,0
sirion_peredhel_suil,0.10688039,0
soga_hador_hadhod,0.037104122,0
soga_ylf_gas,0.053881727,0
tachol_hast_lam,0.18423179,0
tachol_saig_lorn,0.13692704,0
thangail_dol_sirion,0.008063213,0
thangail_hend_nadhras,0.017035566,0
thurin_aegas_bregedur,0.8566779,1
thurin_pent_minuial,0.020792026,0
thurin_rust_luin,0.033747245,0
tobas_hun_peredhel,0.8670028,1
tobas_narthan_min,0.029906103,0
uan_gaur_maethor,0.016505608,0
ungol_limlug_tirith,0.076649085,0
ylf_gwador_eilian,0.0122870905,0
ylf_suil_eirien,0.020939285,0
yll_tamin_fern,0.01406173,0
Druadan_galadhrim_narthan,0.038879022,0
Ithil_uan_hub,0.06915882,0
Mithrim_lam_anann,0.14986224,0
Rochirrim_gwael_muinthel,0.036842722,0
achad_gwaloth_pilin,0.14495318,0
achas_grond_pilin,0.7660664,0
achas_saer_hand,0.59588265,1
adab_magol_cyron,0.07521283,0
adar_ang_eredh,0.20510058,0
aderthad_cirdan_Eluwaith,0.17000638,0
aerlinn_aduial_aear,0.009705361,0
aerlinn_gwarth_thor,0.045440495,0
aeruil_rust_harad,0.12787953,0
aes_eglan_glae,0.01774486,0
agarwaen_Elrim_muinthel,0.57113415,0
agarwaen_cund_rhosc,0.7290377,0
agarwaen_meldir_forodrim,0.03045388,0
aglareb_gwarth_gli,0.40711612,0
aglareb_uan_midh,0.525557,0
ah_eredh_annon,0.33080423,0
ah_ryn_gellui,0.007119501,0
ai_cirdan_uir,0.09940536,0
alae_lost_hu,0.7963414,0
amath_cabor_minas,0.0388675,0
angos_annon_aegas,0.009170271,0
angos_hadhod_haudh,0.08860044,0
angos_hast_hud,0.013953959,0
araf_cabed_raef,0.041898634,0
aras_gilgalad_tann,0.01173654,0
bellas_tachol_hand,0.014155358,0
bronwe_gath_tavor,0.70842135,0
bronwe_manadh_firiel,0.011615548,0
cabor_duin_magor,0.107310146,0
cabor_saelor_law,0.019280737,0
callon_agar_gwilwileth,0.09075331,0
caras_amlug_neledh,0.7457451,0
celair_daen_saew,0.5311566,0
celair_salab_iar,0.6768962,0
celeb_adar_aras,0.022280194,0
celeb_heleg_archam,0.2009701,0
celon_ist_agor,0.008445435,0
certh_galas_aphadrim,0.019408807,0
cirdan_aerlinn_Eru,0.09450697,0
cirdan_tang_nidh,0.3949667,0
cirion_gond_amon,0.014678039,0
cyron_mithril_barad,0.042921655,0
dagnir_achad_lebed,0.03063736,0
dirnaith_mithren_aeglir,0.14038749,0
echad_alph_lagor,0.010245398,0
edlothiad_melethril_braig,0.008475398,0
emel_galad_magor,0.012544266,0
ennorath_curunir_eryn,0.026451638,0
eredh_saig_dunedhel,0.19451073,0
eryn_archam_fern,0.09817582,0
fae_lagor_gond,0.24326302,0
fae_malad_gwend,0.015070375,0
fang_lain_acharn,0.022082495,0
fern_certh_pennas,0.08797349,0
fuin_ang_panas,0.5281663,0
fuin_sogannen_alagos,0.045482542,0
gador_maethor_iphant,0.058820017,0
galadh_mirdan_cuil,0.15881158,0
galas_pent_haudh,0.01563569,0
galenas_ablad_bregedur,0.013668025,0
galvorn_ogol_aras,0.0056348285,0
gas_Eru_hud,0.38767418,0
gil_neledh_ris,0.1640986,0
glamor_minuial_adel,0.09466208,0
glaur_daen_magor,0.017311078,0
glaur_raug_rom,0.013388758,0
gli_naer_bronwe,0.073692985,0
gli_nothrim_limlug,0.2781877,0
gobennas_minai_haust,0.027965888,0
gwador_saew_aphadrim,0.021806864,0
gwaun_loss_heleg,0.035043683,0
gwend_aranarth_soga,0.1122023,0
gwend_dunedhel_daen,0.6878918,0
gwend_fuin_ris,0.5995973,0
haeron_vin_amarth,0.030971736,0
hal_andrann_perian,0.00705677,0
hal_galvorn_loss,0.03533156,0
heleg_amon_lebenedh,0.71341854,0
helegnen_iaun_hu,0.08905161,0
hervess_uir_eryn,0.0051105833,0
hu_amon_certh,0.2664445,0
hu_toll_aduial,0.014635974,0
hul_faen_min,0.07561978,0
hun_maen_hervess,0.054431725,1
hwiniol_randir_nell,0.1078936,1
idhren_mund_haradrim,0.06890785,0
imrath_galas_alph,0.10494493,0
in_pendrath_glass,0.093087465,0
ingem_rach_parf,0.543061,0
iphant_forodrim_Mirion,0.054667607,0
iphant_harad_gas,0.032361798,0
ira_gwaun_imrad,0.19077954,0
ira_rochir_fae,0.54960626,0
ithildin_salph_panas,0.024314323,0
lain_aranarth_rochir,0.11331867,0
lalaith_naer_rochir,0.16148017,0
lavan_ris_uanui,0.041164167,0
law_heledh_sammar,0.0093112355,0
lebed_thurin_rodwen,0.04180216,0
lhug_adar_cabed,0.46566278,0
lhug_aes_andrann,0.032080192,0
limlug_nestad_imrath,0.085501075,0
luith_min_imrad,0.00863963,0
maen_gaur_faradrim,0.009162332,0
maethor_tann_daen,0.32334346,1
magol_lend_nidh,0.054780718,0
manadh_erchion_Dornhoth,0.012517234,0
meldir_hwiniol_callon,0.07161556,0
menel_gorn_gwador,0.0070985584,0
menel_rochir_bregedur,0.019876586,0
meril_lin_hand,0.087355256,0
merilin_balrog_lossen,0.28089485,0
merilin_haeron_lain,0.023026679,0
min_corf_per,0.09528533,0
min_glass_Elrim,0.8239755,0
minai_meldir_tinnu,0.27765164,0
minas_lebed_midh,0.02151919,0
mindon_lebdas_Rochirrim,0.009166657,0
mithril_dannas_yll,0.042476613,0
muinthel_fast_yll,0.023947796,0
mund_Tawarwaith_firion,0.019551786,0
myril_glass_corch,0.010517083,0
naer_onodrim_yll,0.014528285,0
narthan_bregedur_honeg,0.03462743,0
navaer_ithron_gil,0.040167984,0
nestad_laug_ennorath,0.009264857,0
ninglor_thurin_Rochirrim,0.039639447,0
nur_Eru_haradrim,0.23034182,0
ogol_glamog_Gwathuirim,0.2355991,0
onodrim_cuin_ogol,0.009035489,0
panas_aith_harad,0.008601143,0
parf_malad_melethron,0.097156316,0
pendrath_alph_luin,0.7072738,1
pennas_lunt_tinnu,0.69459254,1
pennas_rhun_gador,0.011400643,0
pent_aduial_salph,0.02133075,0
perian_hador_heron,0.35382575,0
pethron_fervain_gaur,0.19911216,0
raegdan_adel_bragol,0.024202812,0
randir_laer_tathar,0.28649178,0
raug_riel_lain,0.27040753,0
rhach_acharn_ai,0.07902644,0
rochir_glamog_edlothiad,0.3742081,0
rochir_iar_Elrim,0.22991508,0
rochir_lebdas_panas,0.38635424,0
rochir_rhovan_hun,0.9125371,0
rochir_yll_ingem,0.023744263,0
rom_talraph_dirnaith,0.029559938,0
rovalug_certh_andrann,0.008526101,0
rudh_aegas_dirnaith,0.008477007,0
saer_baug_faradrim,0.011040444,0
salph_firion_harad,0.017593274,0
sirion_muil_dirnaith,0.44065243,0
soga_amon_gwael,0.0145376,0
soga_fervain_thul,0.30404934,0
tamin_drego_mil,0.68422115,0
tang_lalaith_laer,0.014003067,0
tavor_aegas_aranarth,0.13354093,0
toll_gorn_lagor,0.04868061,0
ungol_glamog_bain,0.014106407,0
yll_Mirion_hud,0.09181155,0
Dornhoth_anwar_melethron,0.016589591,0
Dornhoth_drafn_celon,0.113918714,0
Eluwaith_rom_andrann,0.68890977,0
Ennor_aduial_thavron,0.014238802,0
Gwathuirim_rochir_drafn,0.026401488,0
Ithil_eglan_melethril,0.072561786,0
Mithrim_alae_cund,0.71339476,1
Rochirrim_araf_nim,0.007864781,0
Tawarwaith_melethril_drego,0.2724665,0
Tawarwaith_puig_morn,0.9186868,0
acharn_magol_nadhras,0.23747334,0
achas_hal_nana,0.026368797,0
adel_nimp_toll,0.27652392,0
aduial_malad_gorn,0.30099946,0
aear_aiglos_nadhras,0.11111762,0
aear_glamog_rodwen,0.013858732,0
aerlinn_ylf_lagor,0.10073586,0
ah_gwaun_acharn,0.016890632,0
ai_ylf_tamin,0.19373673,0
aiglos_inias_tachol,0.006620505,0
aiglos_per_cenedril,0.05435438,0
aith_annon_fast,0.57249475,0
alae_lathron_aran,0.033310633,0
alph_hud_Eru,0.058905106,0
amarth_riel_tinnu,0.029046496,0
amloth_aith_inias,0.08355985,0
andrann_Gonhir_cuil,0.015317056,0
andrann_hun_cirdan,0.021917079,0
angos_maecheneb_heleg,0.015501535,0
aphadrim_harad_aiglos,0.37004757,0
aran_saew_rodwen,0.73197854,1
bregedur_rom_rochben,0.78187615,1
cabed_hub_merilin,0.71468693,0
cair_gwael_lorn,0.015472688,0
callon_alph_nagol,0.057790164,0
cirion_myril_toll,0.03145961,0
cirion_randir_mil,0.1529525,0
cugu_rach_fast,0.06654559,0
cuil_gul_dunadan,0.19498913,0
cuin_aear_nestad,0.3166679,0
cyron_fern_tamin,0.033479817,0
cyron_lalaith_fern,0.018559022,0
drafn_grond_nothrim,0.1395052,0
draug_aerlinn_gwend,0.041765478,0
draug_rhun_uir,0.24333835,0
drego_Gonhir_gwaloth,0.008119631,0
drego_rhosc_ithildin,0.008256238,0
dunedhel_raug_adel,0.08486753,0
edlothiad_sammar_ist,0.22790428,0
eglan_raug_salph,0.13174556,0
elu_talraph_amon,0.7251398,0
ennorath_calad_minas,0.007257809,0
fae_forodrim_luin,0.010385189,0
fang_nothrim_heledir,0.8798142,0
fast_graw_rusc,0.016467836,0
firiel_eirien_heledh,0.06550677,0
firion_heron_rusc,0.007943732,0
forodrim_lossen_lasguil,0.017304651,0
forodrim_lost_riel,0.10833132,0
galad_gwarth_ulug,0.11729952,0
galvorn_firion_imloth,0.45027074,0
gil_lebed_gli,0.014333836,0
gil_lembas_thor,0.30077285,0
glamor_idhren_lasguil,0.06995219,0
glaur_gaurwaith_nur,0.04571395,0
gli_haust_lhug,0.01761015,0
gondrath_luithien_cugu,0.7587981,1
graw_bronwe_uan,0.1858188,0
graw_romru_navaer,0.45342696,0
grond_aran_melethril,0.014672167,0
gwador_Sindarin_faun,0.018667717,0
gwael_Mirion_hend,0.051427245,0
gwaloth_luith_parf,0.33403185,0
gwarth_heleg_thul,0.038232017,0
gwaun_ungol_dunedhel,0.13919751,0
hador_soga_ah,0.043182634,0
heledir_bregedur_law,0.19162615,0
heleg_raegdan_dagnir,0.056819096,0
helegnen_glamog_myril,0.011705696,0
heron_soga_cabed,0.103995025,0
hu_lembas_corch,0.015003855,0
hud_dannas_cuin,0.00912127,0
hul_dagnir_ablad,0.03593612,0
hul_rochben_lembas,0.01226553,0
hul_uanui_thamas,0.07361055,0
hun_aegas_tinnu,0.29712066,0
imlad_raug_gond,0.027929198,0
imloth_hadhod_adan,0.2881109,0
imloth_ithildin_aith,0.011601309,0
imrad_thamas_hervess,0.024038438,0
ist_sador_bregedur,0.006744128,0
ithron_tirith_menel,0.00817959,0
lagor_aduial_Dornhoth,0.05771022,0
lain_faradrim_inias,0.12600902,0
law_ablad_adab,0.012410087,0
lebdas_gwend_firiel,0.051880844,0
lebdas_saig_rach,0.03614465,0
lebenedh_Eru_lost,0.011640295,0
lend_dirnaith_ryn,0.38420007,0
lin_cyron_amloth,0.056774925,0
lobor_gond_lossen,0.038690332,0
lost_malad_ist,0.824269,0
luith_echad_gil,0.019179244,0
lunt_aear_iaun,0.0508839,0
maecheneb_rhach_morn,0.790197,0
magor_amdir_glass,0.17396083,0
malad_cabor_Sindarin,0.28983223,1
menel_uanui_cae,0.015302563,0
midh_raef_haust,0.0076315436,0
minai_callon_rusc,0.06540479,0
mir_aglareb_Eluwaith,0.3172142,1
mithril_aderthad_gilgalad,0.01847535,0
mithril_dam_agarwaen,0.30042666,0
morgul_fae_glass,0.008500643,0
muil_baug_Dornhoth,0.08954037,0
mund_grond_amarth,0.68062276,0
naer_emel_nidh,0.022163026,0
nagol_paich_Eluwaith,0.013070124,0
narthan_lacha_iaun,0.011225267,0
nell_tinuviel_adel,0.17098461,1
nidh_lembas_imloth,0.025149897,0
nimbrethil_annon_raug,0.015475259,0
nothrim_forodrim_raef,0.11311689,0
onodrim_archam_thor,0.16342863,0
panas_midh_cuin,0.12914233,0
pendrath_Rochirrim_perian,0.10310393,0
pendrath_calad_magol,0.21377553,0
pendrath_gond_faen,0.2642943,0
pennas_haeron_gwael,0.24282648,0
puig_mereth_badhor,0.022210766,0
riel_helegnen_achad,0.0432034,0
ris_tobas_parf,0.02380862,0
rist_galas_angos,0.008614022,0
rodwen_randir_aerlinn,0.07884099,0
saig_ang_edlothiad,0.7607561,0
saig_lam_callon,0.85461086,0
salab_pess_galvorn,0.029191965,0
salph_fern_tamin,0.061060753,0
sirion_nim_rom,0.5304147,0
sogannen_rhun_lavan,0.0929498,0
talraph_Ithil_caras,0.41034055,0
tang_hu_soga,0.09846104,0
tang_uanui_malad,0.26783726,0
tann_braig_melethron,0.021755053,0
tathar_tinnu_eryn,0.049224906,0
tegilbor_Mithrim_myril,0.016864575,0
thangail_galadh_rodwen,0.90007013,1
thavron_rodwen_melethril,0.104902774,0
thul_ungol_glamog,0.14312372,0
tinuviel_min_riel,0.87469643,0
tirith_aes_uir,0.13938044,0
toll_saew_mil,0.050302595,0
uanui_mindon_per,0.01803765,0
ungol_iar_law,0.10288382,0
ylf_meldir_amloth,0.08454705,1
Dornhoth_archam_grond,0.03455318,0
Dornhoth_pennas_emel,0.018151173,0
Druadan_tavor_fae,0.093253694,0
Ennor_Tawarwaith_paich,0.20111692,0
Ithil_fuin_salph,0.034910742,0
Mirion_gwathui_thor,0.009850698,0
Tawarwaith_raegdan_nost,0.020168917,0
ablad_puig_manadh,0.07754247,0
achad_corch_nothrim,0.5664224,0
adab_rochben_lathron,0.019439792,0
adar_glass_cenedril,0.27835238,0
adar_lam_rist,0.028556202,0
agar_Tawarwaith_Sindarin,0.018145278,0
aglareb_angos_sador,0.56827444,0
agor_aes_laes,0.016995452,0
ah_imrad_ai,0.850455,0
ah_ungol_nath,0.01890415,0
ai_limlug_ninglor,0.013503441,0
aiglos_aeglir_ryn,0.06993946,0
aith_certh_midh,0.010348614,0
alagos_nadhras_iar,0.09451776,0
amath_haust_eilian,0.014779776,0
amloth_uruk_cuin,0.015366025,0
anann_per_pess,0.04884792,0
angos_achad_hu,0.18454769,0
ank_sammar_rudh,0.1757468,0
annon_bragol_heledir,0.8947861,0
aran_hand_in,0.03479824,0
aras_riel_heleg,0.021716204,0
badhor_Sindarin_laer,0.009791365,0
baneth_thurin_meldir,0.68669456,1
barad_cirion_haust,0.07117589,0
cae_gador_gli,0.53550315,0
calad_aranarth_pent,0.28181857,0
callon_cuil_Druadan,0.15954712,0
caras_aduial_laes,0.07508644,0
celeb_tegilbor_min,0.014654659,0
cirdan_glamog_glae,0.21275431,0
corf_law_lang,0.22128496,0
cuil_cae_dunedhel,0.014501168,0
edlothiad_eglan_lang,0.14222294,0
eglan_lebdas_haradrim,0.045436356,0
ennorath_lalaith_bragol,0.073619395,0
espalass_fuin_mereth,0.41296008,0
faen_andrann_certh,0.15169887,0
faradrim_rust_vin,0.048149,0
faun_dunedhel_puig,0.8255303,0
faun_gellui_saelor,0.018509412,0
fervain_badhor_neledh,0.03691034,0
firiel_corf_annon,0.6045902,0
firion_loss_romru,0.014646446,0
galad_morn_rhovan,0.104299515,0
galad_sammar_amloth,0.1128939,0
galadh_gaw_imloth,0.024334053,0
galadh_gorn_rusc,0.014377335,0
galvorn_uanui_merilin,0.029114353,0
gas_grond_manadh,0.05319866,0
gath_eglan_baneth,0.9133613,0
gath_talraph_iaun,0.7445826,1
gaw_aphadrim_melethron,0.17758295,0
gellui_aes_nur,0.29855737,0
glandagol_Sindarin_magor,0.027940776,0
glandagol_puig_curunir,0.01698719,0
glandagol_riel_drego,0.11410465,0
gobennas_gondrath_imloth,0.028728483,0
gorn_tathar_nadhras,0.012086724,0
graw_randir_gaurwaith,0.011471426,0
grond_lagor_yll,0.105934046,0
grond_rhosc_gwarth,0.017211834,0
gwachaedir_aegas_bregedur,0.026365886,0
gwael_cae_heledir,0.1368986,0
gwanur_rudh_ang,0.525827,0
gwend_nim_draug,0.5984917,0
gwilwileth_midh_minuial,0.16358486,0
hadhod_celon_hub,0.0039779996,0
haeron_thul_nothrim,0.1260072,0
hal_glamog_uruk,0.01223271,0
harad_amath_cenedril,0.0065193656,0
harad_mil_amlug,0.062012624,0
haradrim_dol_lasguil,0.11520873,0
haudh_imloth_alph,0.0130146,0
heledir_ist_anann,0.008328763,0
honeg_merilin_midh,0.058512427,0
hun_hervess_randir,0.008251056,0
imrad_lavan_forodrim,0.01092469,0
in_suil_firen,0.007960896,0
ingem_noroth_imloth,0.13838746,0
ithron_navaer_soga,0.018996457,0
lacha_drego_thul,0.02615465,0
laer_talraph_mil,0.015753856,0
law_faun_sogannen,0.051959973,0
lebdas_daen_duin,0.4037548,0
lembas_perian_aeruil,0.008361425,0
lembas_saew_ist,0.03404596,0
lend_nana_mindon,0.039662495,0
limlug_nestad_erchion,0.009075081,0
lin_gwaloth_hu,0.13686152,1
lobor_saer_limlug,0.023702836,0
lorn_ithron_bain,0.010646606,0
lossen_drafn_aran,0.14147413,0
lost_curunir_noroth,0.8093539,0
lost_emel_elvellon,0.4663162,0
malad_aderthad_gil,0.5945878,0
melethril_maecheneb_gador,0.3104553,0
melethron_hu_nimbrethil,0.21256593,0
mereth_romru_mir,0.009158526,0
meril_eglan_guldur,0.021042185,0
merilin_min_iphant,0.39437813,0
midh_thangail_rist,0.23968329,0
mil_guldur_gaw,0.008666594,0
mil_ryn_tang,0.0140974065,0
mindon_gwador_raegdan,0.116995044,0
morgul_espalass_lacha,0.16305806,0
muil_thamas_nell,0.12902372,0
muinthel_tann_amath,0.041271444,0
myril_drego_amath,0.3300778,0
narthan_gli_law,0.38145015,0
navaer_neledh_Ithil,0.013631808,0
nell_galas_rhun,0.14298533,0
nell_navaer_minas,0.16863933,0
nidh_ist_nestad,0.012118265,0
nidh_nim_firen,0.041768335,0
ninglor_lavan_menel,0.08578855,0
nothrim_iphant_tegilbor,0.8712399,0
nur_nath_gorn,0.010804992,0
parf_ingem_iphant,0.05705859,0
peredhel_luithien_rusc,0.01437637,0
pilin_rust_glae,0.013232985,0
rach_Ennor_sador,0.02562502,0
raegdan_nell_Mithrim,0.12676233,0
raug_nimbrethil_peredhel,0.01737431,0
rhach_lobor_nidh,0.19109212,0
rhosc_galadhrim_rhovan,0.5410339,1
rhosc_lain_parf,0.0069332104,0
rist_pethron_ris,0.16982308,0
rodwen_harad_adar,0.010818546,0
rodwen_tinnu_mund,0.22625029,0
rom_maecheneb_lacha,0.83951956,1
romru_grond_ninglor,0.008379193,0
rovalug_aranarth_draug,0.022628667,0
rovalug_iar_espalass,0.004166402,0
rudh_imrath_meril,0.1807755,0
ruith_amon_yll,0.095998935,0
ruith_drafn_certh,0.09082127,0
rust_eredh_magor,0.03454988,0
sador_eryn_rochben,0.059559483,0
saew_rovalug_badhor,0.09655557,0
tachol_anwar_mindon,0.74437475,1
tachol_lembas_iaun,0.8206029,0
talraph_midh_nimbrethil,0.2514905,0
talraph_minas_Mirion,0.05359171,0
tathar_lavan_maen,0.021844845,0
tavor_lembas_sogannen,0.7570565,0
tegilbor_thamas_thangail,0.010282654,0
thamas_rodwen_glandagol,0.029498894,0
thangail_raegdan_Gonhir,0.02237575,0
thavron_curunir_nell,0.014597594,0
thul_bronwe_dunedhel,0.044553135,0
thul_dunedhel_acharn,0.08299287,0
tirith_raef_meril,0.21509737,0
ulug_talraph_manadh,0.06651271,0
uruk_eglan_imrad,0.020455787,0
uruk_ira_honeg,0.32592443,0
vin_araf_gwador,0.24901226,0
yll_rusc_cabor,0.028326325,0
Dornhoth_certh_iaun,0.024300056,0
Elrim_nana_dagnir,0.00807739,0
Mirion_saer_curunir,0.09697078,0
Sindarin_cund_amloth,0.016797725,0
ablad_maen_aranarth,0.3357833,0
achad_minas_adan,0.04170163,0
achad_thamas_hend,0.38155717,0
achas_lavan_saig,0.68076533,0
aderthad_cair_agar,0.10424833,0
aear_salab_cuin,0.015613592,0
aeruil_tavor_ogol,0.06456138,0
agarwaen_galadh_galadhrim,0.023129437,0
agor_glass_glamog,0.14013585,0
agor_gondrath_pent,0.007864799,0
ah_rom_firion,0.020938495,0
ah_sammar_nost,0.33827233,0
aiglos_bass_yll,0.014415225,0
amarth_min_thamas,0.043312177,0
amath_ylf_glamog,0.2786782,0
andrann_luithien_Ennor,0.6627507,0
archam_roch_faradrim,0.012961635,0
badhor_rist_maecheneb,0.010047087,0
bain_gwaloth_navaer,0.017087601,0
bain_haudh_lost,0.012374421,0
bain_ylf_hun,0.28955853,0
balrog_fervain_pent,0.15666467,0
baneth_celon_lossen,0.009171162,0
barad_bregedur_ai,0.032610875,0
bass_lossen_nim,0.02883624,0
baug_randir_loss,0.0474882,0
cabed_cirion_nidh,0.010196184,0
cabed_dol_cenedril,0.009945154,0
cair_rhosc_raug,0.028263127,0
caras_mund_tavor,0.2432534,0
celair_lossen_salab,0.00852141,0
cirdan_ulug_tathar,0.059980538,0
corch_rach_balrog,0.07411877,0
corch_ruith_eredh,0.03688014,0
cugu_luin_ai,0.2438131,0
cund_andrann_aerlinn,0.029933568,0
cyron_Tawarwaith_angos,0.079352856,0
cyron_mithren_gilgalad,0.00961426,0
daen_cair_gondrath,0.10107227,0
drafn_fae_hun,0.010851733,0
drego_laes_amlug,0.009055808,0
duin_rhovan_ryn,0.007479302,0
dunadan_tirith_thor,0.3441957,0
eglan_baneth_lacha,0.058403034,0
eirien_cenedril_nur,0.00890599,0
eirien_riel_aegas,0.15672529,0
elvellon_faen_gwarth,0.009970596,0
emel_Sindarin_vin,0.023247736,0
emel_mund_aderthad,0.018526925,0
fae_thurin_midh,0.015052352,0
faen_fae_rhovan,0.011602705,0
faradrim_ennorath_haradrim,0.015978409,0
fast_alae_lachenn,0.08727414,0
faun_thul_malad,0.009318667,0
fervain_rochben_Rochirrim,0.0153898345,0
galadhrim_minas_aras,0.52141476,0
galadhrim_nadhras_aras,0.3102461,0
galadhrim_rist_tinuviel,0.3628773,0
gaur_lossen_lend,0.09037469,0
gaw_draug_laes,0.009171162,0
gellui_harad_callon,0.010752672,0
gilgalad_archam_hun,0.016222982,0
glae_faradrim_merilin,0.017994825,0
glamog_pod_ai,0.046096377,0
glamor_haradrim_anann,0.008420152,0
gobennas_alae_lhug,0.034195427,0
grond_rhun_ennorath,0.021889847,0
gwador_bass_tegilbor,0.011062678,0
gwador_haradrim_tegilbor,0.013976638,0
gwador_rist_hud,0.037776254,0
gwaloth_melethron_dunadan,0.016088737,0
gwathui_guldur_lasguil,0.5372328,0
gwilwileth_adel_amloth,0.011941676,0
gwilwileth_muinthel_iphant,0.004868781,0
haeron_naer_cirion,0.14309026,0
haeron_rochben_pethron,0.10664005,0
haudh_ingem_nim,0.08928841,0
heledh_fang_nagol,0.073467985,0
heledir_gilgalad_magor,0.017992694,0
hend_graw_talraph,0.054530546,0
hend_morn_thurin,0.09043487,0
hud_eryn_ylf,0.88043916,1
hun_hador_pod,0.0049151615,0
hwiniol_andrann_faen,0.021040946,0
iaun_muil_bass,0.108200535,0
idhren_cyron_espalass,0.015443318,0
imlad_lavan_mund,0.02542708,0
imlad_panas_gil,0.1779515,0
imloth_bronwe_tathar,0.5032548,0
inias_Ithil_hand,0.009064637,0
ira_Eru_gul,0.050778568,0
lacha_pod_Mithrim,0.31312722,0
lam_muinthel_minai,0.48105627,0
laug_dam_corf,0.04334617,0
lebdas_lhug_puig,0.09760043,0
lebenedh_luith_luin,0.00992319,0
lembas_navaer_nagol,0.15113053,0
lin_noroth_uir,0.010739184,0
luith_faun_aglareb,0.005947745,0
lunt_cenedril_toll,0.39618286,0
maecheneb_manadh_achad,0.014641558,0
maen_amloth_alag,0.03025646,0
magol_bronwe_parf,0.02197376,0
magol_honeg_sirion,0.033134513,0
magol_menel_gwael,0.011102689,0
meldir_eglan_mirdan,0.009160096,0
melethril_imlad_mindon,0.013996394,0
melethron_Rochirrim_Mithrim,0.81227064,1
merilin_gwanur_meldir,0.050640065,0
min_lunt_eryn,0.9043273,0
minuial_gondrath_gwaloth,0.4510184,0
minuial_morn_hador,0.20805393,0
mir_agar_aphadrim,0.03910106,0
mir_gilgalad_aear,0.009167946,0
mirdan_amlug_imlad,0.56334245,0
mithril_minai_honeg,0.0048107044,0
muil_drego_meldir,0.00808435,0
mund_loss_tinnu,0.023595376,0
myril_Mirion_lathron,0.43014005,0
nath_corf_hadhod,0.06456138,0
nath_glass_lossen,0.011998782,0
nestad_ram_gwaun,0.026326826,0
nidh_malad_pod,0.019124266,0
nimbrethil_elvellon_hub,0.07002356,0
nimbrethil_espalass_emel,0.007155369,0
nimp_aear_lobor,0.14470929,0
ninglor_haradrim_ryn,0.02038084,0
ogol_Druadan_ennorath,0.005019685,0
ogol_faradrim_tathar,0.21373302,0
pendrath_mithril_saelor,0.0067281835,0
pent_celair_riel,0.0347777,0
per_aras_ninglor,0.07799783,0
perian_fast_randir,0.019395616,0
perian_iar_neledh,0.040608257,0
pilin_lebenedh_cund,0.6697007,1
ram_ai_lathron,0.24477755,0
roch_pilin_galadh,0.052115817,0
rochir_thamas_celair,0.05910457,0
rom_harad_glaur,0.09090812,0
rom_pethron_galvorn,0.008634261,0
ruith_archam_emel,0.04619359,0
rusc_navaer_eirien,0.02055878,0
rust_noroth_lathron,0.023255823,0
saer_romru_Sindarin,0.01808746,0
salab_mirdan_Mirion,0.009681849,0
suil_dannas_haradrim,0.04031116,0
thangail_aduial_pendrath,0.75798744,0
thavron_anwar_gwanur,0.017808687,0
thor_ennorath_rovalug,0.010035745,0
thul_guldur_menel,0.011544326,0
tinuviel_Gwathuirim_aduial,0.013939921,0
tirith_celeb_aeglir,0.0125204045,0
tobas_cabed_andrann,0.012368792,0
uir_galas_ablad,0.14131546,0
ulug_dagnir_tang,0.38421643,0
ulug_ram_amath,0.0074910903,0
uruk_galvorn_hadhod,0.012427517,0
ylf_dunedhel_araf,0.012927605,0
Gonhir_rochir_Mirion,0.018565437,0
Sindarin_lalaith_bregedur,0.0098533,0
Tawarwaith_cabed_aeglir,0.01786406,0
Tawarwaith_gaw_in,0.41410992,0
achad_fae_eilian,0.31120157,0
adan_Druadan_annon,0.009710732,0
adar_hadhod_soga,0.3037174,0
aegas_Druadan_gli,0.08491344,0
aegas_ank_ungol,0.02311412,0
aes_baug_lobor,0.08031661,0
aes_min_uan,0.43044347,0
agar_iar_glandagol,0.13019225,0
ah_calad_mithren,0.0078803245,0
alae_Sindarin_lembas,0.03978957,0
amdir_minuial_pod,0.051666763,0
amlug_grond_rudh,0.05978106,0
anann_rhovan_Gwathuirim,0.0787191,0
ank_anann_cugu,0.8460384,1
aran_gwachaedir_lost,0.018263895,0
aranarth_aear_faradrim,0.012708836,0
badhor_Dornhoth_heledh,0.23990144,0
bregedur_celair_nost,0.010846679,0
cair_rudh_Sindarin,0.40023085,0
celeb_imlad_paich,0.42526856,0
cenedril_inias_myril,0.021208066,0
cirdan_adel_dunadan,0.022886729,0
corch_Eru_laes,0.0062306616,0
cugu_nothrim_heleg,0.22949475,0
cuil_harad_nath,0.00822568,0
daen_tavor_cabor,0.70037353,0
dam_faradrim_elu,0.11942305,0
dirnaith_gwathui_hud,0.15259275,0
dol_glae_forodrim,0.008824739,0
draug_andrann_rhovan,0.1482923,0
draug_roch_mithren,0.100952774,0
dunedhel_elvellon_daen,0.016816758,0
ennorath_haust_Gwathuirim,0.010346955,0
fae_rust_laes,0.039884187,0
faen_lass_harad,0.027126001,0
faen_pennas_melethril,0.010856483,0
firion_gaw_fervain,0.77406806,0
forodrim_amarth_cabed,0.008910189,0
galadhrim_gellui_lass,0.012522403,0
gaur_glae_raug,0.03852484,0
gellui_aderthad_midh,0.09129714,0
gellui_rist_muil,0.040688653,0
glamor_peredhel_cenedril,0.331572,0
glass_galad_faen,0.0071302736,0
gli_bain_sirion,0.09608445,0
gli_caras_aeruil,0.011247292,0
gli_panas_in,0.089208946,0
gobennas_lathron_draug,0.0112840105,0
gobennas_meril_nell,0.013706271,0
graw_glae_aran,0.054570623,0
grond_acharn_elvellon,0.5408419,0
grond_celon_lunt,0.5449652,0
hadhod_gwathui_nath,0.018255487,0
haeron_ogol_haudh,0.021115659,0
harad_puig_merilin,0.011238195,0
haudh_cabor_lass,0.25510925,0
haudh_gaw_Dornhoth,0.012211194,0
haudh_laug_nadhras,0.11302192,0
haust_galenas_ithron,0.02626717,0
hervess_ruith_braig,0.024878891,0
honeg_naer_gorn,0.16431531,0
iaun_bregedur_cuin,0.029461399,0
iaun_naer_cenedril,0.17132145,0
idhren_eredh_hast,0.035550397,0
idhren_laug_aras,0.011514647,0
imloth_ogol_galvorn,0.010659773,0
in_bragol_sammar,0.032087985,0
inias_agor_gilgalad,0.014562807,0
iphant_ah_magol,0.15944941,0
iphant_rovalug_bellas,0.41101873,0
lachenn_calad_cuin,0.010273261,0
lavan_paich_rhun,0.02345068,0
law_ingem_navaer,0.018906282,0
lebenedh_merilin_gwaun,0.049641944,0
lend_hend_suil,0.72020155,0
lin_gondrath_bass,0.004857301,0
loss_alagos_ogol,0.3812019,0
maecheneb_galenas_corf,0.028154418,0
magol_gwaun_bragol,0.16673644,0
minai_gul_hast,0.041766103,0
minas_lebenedh_celeb,0.49502724,0
mir_suil_hub,0.08799886,0
myril_lagor_malad,0.11227633,0
nagol_cabed_firion,0.018914605,0
neledh_Mirion_mithren,0.7733551,0
neledh_rom_thor,0.008643594,0
nell_adar_salph,0.08447296,0
nestad_bain_fervain,0.018796893,0
nidh_navaer_tobas,0.009563606,0
nimbrethil_Gwathuirim_salph,0.085572794,0
ninglor_rhovan_midh,0.67097455,1
noroth_romru_aear,0.019879613,0
noroth_tirith_luithien,0.16471641,0
panas_duin_annon,0.15836006,0
pendrath_amdir_lossen,0.14083974,0
pendrath_lasguil_lang,0.14161417,0
pent_alag_anwar,0.15472545,0
per_echad_erchion,0.21276891,0
rach_dunadan_ennorath,0.0070975204,0
rach_heron_min,0.005131516,0
raegdan_ah_glamog,0.015518713,0
ram_malad_tinnu,0.11767411,0
randir_Gonhir_rusc,0.5847715,0
randir_bellas_acharn,0.06401366,0
raug_lathron_gorn,0.009246621,0
rhovan_ulug_thurin,0.0068668067,0
roch_iphant_firen,0.008117591,0
rochir_nidh_mil,0.18270594,0
rom_adel_lorn,0.023780951,0
ruith_gaw_pethron,0.032888632,0
rusc_aduial_laes,0.017879132,0
ryn_fuin_guldur,0.060088303,0
salph_espalass_baneth,0.18343721,0
suil_gellui_nim,0.5189659,1
tang_adab_tirith,0.08161874,0
tann_firen_lossen,0.2333283,0
tavor_bregedur_hervess,0.02774793,0
thavron_gaur_agar,0.45353448,0
thurin_espalass_maen,0.018403566,0
tinnu_Eluwaith_mithril,0.29397216,0
uir_lalaith_Tawarwaith,0.01679186,0
ungol_luin_callon,0.008384921,0
uruk_Tawarwaith_talraph,0.07043517,0
uruk_dunedhel_firiel,0.08344469,0
Dornhoth_lavan_ank,0.012785348,0
Druadan_romru_araf,0.056204215,0
Gwathuirim_mund_ram,0.027035998,0
Mirion_ingem_ank,0.007911619,0
Mithrim_haudh_pethron,0.011426118,0
Mithrim_ira_fae,0.21556048,0
Mithrim_pess_midh,0.19566853,0
ablad_dam_roch,0.008691941,0
adab_rach_pess,0.042548142,0
aduial_gli_hast,0.05792501,0
aeruil_cugu_rach,0.29202276,0
aglareb_panas_sammar,0.019624492,0
ah_gorn_ruith,0.010566725,0
ah_magol_thor,0.0077336924,0
ah_sirion_perian,0.03545186,0
alag_haradrim_celair,0.71571624,1
alagos_tinnu_sammar,0.014270981,0
amlug_raegdan_heledh,0.010561274,0
amon_corf_Druadan,0.53720963,0
ang_midh_hu,0.018679311,0
aphadrim_braig_lin,0.21331446,0
aras_lembas_bain,0.012519907,0
archam_alag_rist,0.6234663,0
archam_tachol_pennas,0.017594805,0
barad_peredhel_minas,0.8570882,0
bellas_baug_menel,0.30426377,0
bregedur_ah_aeruil,0.013734997,0
cae_Ennor_hun,0.08500803,0
cair_bronwe_hador,0.021259608,0
calad_nana_anann,0.014356096,0
caras_hwiniol_barad,0.02146232,0
celair_yll_myril,0.01604217,0
celeb_malad_alag,0.14468308,0
certh_hervenn_sammar,0.035234094,0
cugu_gobennas_Tawarwaith,0.024872372,0
curunir_galas_Mirion,0.010680197,0
dam_hun_braig,0.028650925,0
dam_melethril_limlug,0.19831495,0
dannas_ira_amath,0.025079204,0
dirnaith_muinthel_Elrim,0.08888553,0
drafn_balrog_aranarth,0.0198979,0
drego_agor_rust,0.032742895,0
dunadan_Dornhoth_adar,0.016096177,0
dunadan_aeruil_agar,0.06678968,0
eglan_baneth_haudh,0.21789438,0
eglan_glamog_lam,0.5203144,0
elu_guldur_baneth,0.8842321,0
elu_narthan_lang,0.016492058,0
erchion_angos_dam,0.04409137,0
eredh_hul_rovalug,0.011598632,0
fern_lass_eglan,0.00913371,0
forodrim_thavron_imrad,0.025269296,0
gath_Eru_neledh,0.42837885,0
gath_meldir_saer,0.081714176,0
gaur_lorn_hend,0.08096776,0
glae_faradrim_nost,0.009452645,0
gond_tobas_cund,0.28292122,0
gwachaedir_minuial_aiglos,0.024151359,0
gwador_uan_lam,0.018381948,0
gwaloth_amloth_fast,0.011813655,0
gwaloth_luith_cund,0.32892618,0
gwaloth_morn_iar,0.01052225,0
hador_hand_calad,0.5111322,0
hand_cund_hul,0.42696118,1
hand_echad_tegilbor,0.018158533,0
hand_galadhrim_aith,0.05356265,0
haudh_thor_pendrath,0.017112887,0
heledir_lebed_gwend,0.018025778,0
heleg_amarth_soga,0.35313383,1
heleg_sogannen_morgul,0.0141084185,0
heron_ninglor_saig,0.09047085,0
hervess_gaw_glandagol,0.017643463,0
hub_eilian_loss,0.009795132,0
hub_glandagol_rudh,0.124177106,0
imrad_pennas_nothrim,0.011979896,0
in_Gonhir_aphadrim,0.018989144,0
inias_adar_gaur,0.028112167,0
ira_laug_adar,0.27014762,0
ist_laug_lunt,0.24518648,0
ithildin_aegas_tegilbor,0.042749394,0
ithildin_ah_uanui,0.014818096,0
lacha_heledir_minas,0.013486256,0
lachenn_nothrim_gas,0.024140995,0
laer_sogannen_idhren,0.024569202,0
lasguil_maethor_gorn,0.031345647,0
lass_hast_mir,0.0060646483,0
laug_dam_nost,0.06083904,0
laug_galadh_cirdan,0.18085529,0
lavan_drafn_alagos,0.012698042,0
lavan_hud_annon,0.0155039085,0
lend_nagol_aegas,0.005136905,0
lhug_raug_fae,0.06877794,0
luin_achad_ylf,0.04022914,0
maen_imloth_tavor,0.03962695,0
menel_saew_uan,0.0053202794,0
merilin_iaun_rhosc,0.02575096,0
midh_gwaun_cund,0.49906933,0
mir_galadh_hul,0.06106125,0
mund_gwarth_galadhrim,0.22245646,0
myril_glaur_forodrim,0.29192364,0
navaer_eglan_Tawarwaith,0.8445705,0
nestad_ithildin_faun,0.028718414,0
nidh_hud_aran,0.008008671,0
nimp_ulug_Sindarin,0.049971692,0
noroth_haudh_law,0.87172216,0
onodrim_anwar_faun,0.08107714,0
onodrim_lagor_ram,0.01226763,0
onodrim_mithril_uruk,0.033687882,0
paich_amon_nagol,0.1990849,0
paich_yll_minai,0.011411737,0
per_Ithil_randir,0.099955395,0
perian_saig_amdir,0.4388282,0
rach_magol_nothrim,0.092089094,0
raef_limlug_gobennas,0.03681338,0
ram_idhren_harad,0.06680438,0
randir_melethril_lembas,0.01916166,0
randir_tobas_dagnir,0.5659736,0
rhosc_Sindarin_raegdan,0.013259682,0
rhovan_thurin_amdir,0.21038744,0
riel_hervenn_fervain,0.18681392,0
rist_cund_grond,0.43161294,0
rochben_agarwaen_guldur,0.0363103,0
rochben_ylf_grond,0.8375267,1
rom_edlothiad_Ithil,0.027287824,0
romru_glass_eglan,0.028496183,0
romru_hud_tobas,0.8472091,1
rovalug_randir_pod,0.015781118,0
ruith_nimp_tobas,0.33015743,0
saelor_gwend_maecheneb,0.05378986,0
saig_puig_faun,0.008357964,0
sirion_gwathui_mund,0.012243626,0
soga_aiglos_fuin,0.086427286,0
soga_nim_ram,0.29089382,0
soga_pent_aegas,0.03446313,0
tachol_eirien_drego,0.009132024,0
tachol_saer_ruith,0.06812942,0
tang_aphadrim_gilgalad,0.10568469,0
tann_achas_lembas,0.06735486,0
tobas_nagol_laug,0.03346731,0
toll_lain_haust,0.3576563,0
uanui_thor_cund,0.015170638,0
ungol_melethron_pilin,0.17096618,0
ungol_paich_gond,0.012885728,0
yll_lebenedh_cair,0.06677358,0
Dornhoth_hervenn_tathar,0.04154807,0
Druadan_tachol_aranarth,0.6813431,0
Elrim_sirion_hwiniol,0.014977357,0
Eru_gwathui_Mirion,0.01747058,0
Gonhir_achad_melethril,0.15031576,0
Ithil_fern_maen,0.008863393,0
Ithil_sogannen_glandagol,0.18330441,0
Rochirrim_rust_adab,0.31017074,0
Sindarin_elu_ah,0.30789542,0
Sindarin_minas_fervain,0.22793294,0
achad_adan_balrog,0.7953131,0
achas_eilian_lossen,0.3459137,0
achas_salab_cenedril,0.6515149,0
aes_lavan_adan,0.20187438,0
aes_lorn_pendrath,0.11974109,0
aes_minai_fervain,0.0077778017,0
agor_annon_rudh,0.2160711,0
aith_fae_tirith,0.13092346,0
alae_celon_faradrim,0.16335164,0
alagos_firiel_gas,0.0065948158,0
amarth_firiel_aglareb,0.014980417,0
anann_haradrim_haudh,0.02855736,0
anann_lasguil_araf,0.035599463,0
andrann_achad_tinnu,0.22243766,0
ang_thor_gaur,0.015164043,0
annon_tinnu_faun,0.026640225,0
aran_puig_Druadan,0.16806912,0
archam_rhach_imlad,0.1290184,0
bellas_Tawarwaith_nothrim,0.019852381,0
braig_lend_randir,0.012127847,0
callon_aiglos_faun,0.2859606,0
celon_baneth_haudh,0.026178643,0
cirdan_edlothiad_rhovan,0.046305094,0
cund_mereth_tachol,0.45666626,0
curunir_cund_Ennor,0.00917092,0
dagnir_gador_amath,0.76280606,0
dol_aith_naer,0.02014457,0
drego_gador_haudh,0.015526348,0
echad_roch_pethron,0.0074464185,0
edlothiad_hadhod_uir,0.012562712,0
eglan_dam_saelor,0.9100612,0
eirien_faen_tobas,0.09500373,0
eirien_thul_gwaun,0.28066373,0
eredh_galenas_rhosc,0.1423075,0
fae_meldir_cuin,0.018338365,0
faen_hast_amath,0.008588746,0
firen_corch_laer,0.70109606,0
forodrim_lachenn_rhach,0.03988548,0
fuin_lebenedh_nath,0.44238806,0
galadh_cuin_sirion,0.016999736,0
galadhrim_talraph_firiel,0.011567192,0
gaurwaith_achad_rochben,0.7865198,0
glae_saelor_Elrim,0.015300795,0
gobennas_ingem_lain,0.00929795,0
graw_thangail_nana,0.026203102,0
gul_fast_alae,0.15118408,0
gul_gwathui_hun,0.5524164,0
guldur_imrath_rhovan,0.013817913,0
gwaloth_fuin_pendrath,0.7261218,1
gwathui_gond_luith,0.005818657,0
gwilwileth_gobennas_ris,0.0998936,0
harad_firiel_ungol,0.0933746,0
hast_naer_bass,0.042735953,0
heledh_paich_elu,0.00850351,0
heledir_ulug_tinuviel,0.638933,0
helegnen_nath_inias,0.010090968,0
hu_eglan_magol,0.018748906,0
hu_nost_gwael,0.22117141,0
hwiniol_adar_faen,0.04070479,0
iar_lam_certh,0.009810881,0
iar_narthan_midh,0.08028439,0
ingem_sirion_gwael,0.27890742,0
inias_ulug_honeg,0.7322311,0
ira_lobor_iaun,0.012706149,0
ithildin_lembas_uan,0.26762044,0
ithron_aegas_Tawarwaith,0.38552824,0
lain_dannas_aegas,0.14294136,0
lain_ennorath_laug,0.010714997,0
lalaith_alag_adan,0.032272324,0
lasguil_suil_nestad,0.025345717,0
lasguil_thor_narthan,0.0092545925,0
lass_alagos_dam,0.0116395205,0
lathron_nell_amon,0.010335039,0
laug_glass_naer,0.01658912,0
lebenedh_lebdas_elu,0.00917068,0
lend_adar_yll,0.08058735,0
loss_agarwaen_laes,0.040929083,0
lost_calad_tavor,0.15780726,0
luith_puig_cabed,0.85789394,1
luith_raegdan_lhug,0.22358134,0
luithien_maen_lass,0.17034003,0
lunt_curunir_rusc,0.12297572,0
maethor_rhach_edlothiad,0.0073522925,0
menel_rhun_gas,0.049580876,0
minai_drego_bragol,0.100320384,0
minas_lembas_amarth,0.08077112,0
minuial_Rochirrim_meril,0.014410266,0
mirdan_ank_ram,0.4648964,0
mithren_melethron_dannas,0.011904765,0
mithren_rochben_gwaloth,0.025656745,0
muil_cuil_rhovan,0.008432482,0
muinthel_fervain_lend,0.60540855,0
naer_alae_tobas,0.014565561,0
nagol_heledir_morgul,0.7927486,0
navaer_minuial_toll,0.061793026,0
neledh_gwend_naer,0.859,1
nell_talraph_ylf,0.1656771,0
nestad_lin_corch,0.011810891,0
nimbrethil_gilgalad_rusc,0.02346486,0
nimp_bragol_hwiniol,0.7312683,1
ninglor_ablad_Gonhir,0.006607474,0
nost_glandagol_tobas,0.057601996,0
nost_loss_hal,0.61541754,1
onodrim_romru_mindon,0.5051089,0
panas_dunadan_ingem,0.032678567,0
pent_hul_hand,0.010308595,0
pent_iaun_haeron,0.27488002,0
pethron_gwaloth_badhor,0.061979927,0
puig_sogannen_gas,0.031520322,0
rach_ai_barad,0.009403101,0
rach_edlothiad_Sindarin,0.014752369,0
raef_celeb_tegilbor,0.023883272,0
raug_glamor_haeron,0.24546233,0
rhovan_malad_pilin,0.012667067,0
ris_ai_hend,0.0134379575,0
rist_rach_cund,0.62192005,0
rochben_gwaloth_melethron,0.73453945,1
rodwen_balrog_rhun,0.008250759,0
rodwen_nell_gas,0.049417824,0
rom_cuin_cenedril,0.3255864,0
rudh_hast_drego,0.2331104,0
rusc_lobor_agarwaen,0.06349802,0
saig_faun_draug,0.28071368,0
salph_gondrath_achas,0.053842854,0
sammar_glae_firiel,0.6315291,0
sammar_mir_daen,0.09768943,0
sirion_heron_melethril,0.015420381,0
soga_firion_cugu,0.010012701,0
tachol_barad_baneth,0.07334485,0
tang_ablad_manadh,0.23799935,0
thul_aeruil_gwaloth,0.0077237543,0
tirith_archam_saew,0.23214513,0
uanui_mirdan_lacha,0.6471354,0
uir_lavan_Sindarin,0.016161287,0
ungol_imrath_ruith,0.014897617,0
yll_gellui_archam,0.016366294,0
Elrim_hal_amarth,0.009044121,0
Eluwaith_faradrim_haudh,0.018828312,0
Eru_iaun_rodwen,0.005144342,0
Mirion_malad_adar,0.078972496,0
Mithrim_firion_achas,0.013315663,0
acharn_adel_baug,0.013838808,0
achas_hwiniol_nothrim,0.12266202,0
adel_draug_gas,0.090714715,0
aderthad_cuil_nimbrethil,0.6720554,0
aerlinn_hand_gul,0.01109521,0
ah_sador_imloth,0.009018341,0
alae_haeron_aphadrim,0.086585425,0
alae_hend_heron,0.013761628,0
alag_nimp_laer,0.12950116,0
alph_alag_lunt,0.5706571,1
alph_celon_gwaloth,0.113111116,0
amloth_hu_magol,0.012591905,0
anann_nath_echad,0.2244366,0
anann_talraph_haeron,0.046123825,0
andrann_calad_gador,0.016710907,0
ank_ennorath_cuin,0.0868226,0
annon_callon_cyron,0.031168196,0
anwar_myril_amon,0.040837172,0
aphadrim_gwaun_thavron,0.1658826,0
badhor_rudh_morgul,0.0739712,0
balrog_Dornhoth_andrann,0.24745855,0
bass_dol_muinthel,0.06920547,0
braig_hu_badhor,0.018339835,0
braig_randir_gwanur,0.3077591,0
bregedur_corf_romru,0.28213307,0
cabed_ang_sirion,0.014771601,0
cabed_cuil_gondrath,0.009171162,0
cabed_sador_aranarth,0.0547049,0
cae_thurin_cabor,0.20401558,0
cair_maethor_rhun,0.024369143,0
calad_lost_faun,0.01989815,0
callon_ennorath_andrann,0.20762275,0
callon_firen_haudh,0.1430815,0
celeb_Ennor_hal,0.03429904,0
cirdan_galas_hand,0.098278716,0
cirdan_rochir_mil,0.009161447,0
cirion_dagnir_ruith,0.010236722,0
cirion_roch_tirith,0.012277573,0
corf_suil_uruk,0.050123204,0
cugu_lembas_celon,0.01440205,0
dol_heleg_fast,0.108409666,0
draug_ah_hul,0.11778961,0
duin_espalass_annon,0.009728779,0
dunedhel_panas_cenedril,0.011947774,0
eglan_imrad_hervenn,0.05640777,0
elu_neledh_aras,0.04211754,0
elvellon_archam_lorn,0.071515515,0
ennorath_eirien_balrog,0.2945416,0
eredh_glamor_alag,0.05718224,0
fang_haradrim_rhach,0.019318234,0
faradrim_Mithrim_Druadan,0.18027838,0
faradrim_tachol_drafn,0.061429888,0
faun_agar_dam,0.11852272,0
fuin_hal_hand,0.022528788,0
galadhrim_soga_anwar,0.00968775,0
gaurwaith_suil_fang,0.025948463,0
gilgalad_braig_maen,0.016161472,0
glamor_hul_firiel,0.80972683,1
glass_cirion_agar,0.08862397,1
grond_bass_andrann,0.26275262,0
gwilwileth_hwiniol_adar,0.033826735,0
hadhod_aran_gaw,0.060074206,0
haeron_araf_eryn,0.77560294,0
heledir_gil_gilgalad,0.009888234,0
heledir_gorn_pethron,0.009827114,0
heleg_nur_limlug,0.058474608,0
heleg_rhovan_iar,0.044580545,0
heleg_rom_Sindarin,0.39265594,0
hervenn_firion_sirion,0.30549043,0
hub_grond_barad,0.28173462,1
hul_Ennor_nimbrethil,0.008134995,0
hun_cuin_maen,0.006894009,0
iar_gul_gobennas,0.15946248,0
iaun_pendrath_nimp,0.38895118,0
ira_ennorath_minuial,0.5953944,0
ist_bregedur_eilian,0.009884343,0
lacha_rochir_nath,0.018141665,0
lagor_tinnu_gli,0.12472156,0
lang_imloth_lobor,0.0070480024,0
lend_andrann_raug,0.27776533,0
lhug_eredh_puig,0.053039666,0
lhug_hu_mir,0.034935072,0
maecheneb_cund_lavan,0.8563843,1
maecheneb_uruk_dagnir,0.041650716,0
magol_Eluwaith_lossen,0.009988723,0
meldir_rach_iar,0.018333536,0
midh_ist_thangail,0.010425785,0
minai_manadh_gwathui,0.017187793,0
morn_maecheneb_narthan,0.00917182,0
muil_aderthad_cirdan,0.015360576,0
mund_rudh_saig,0.011079702,0
neledh_morgul_glaur,0.006174197,0
nim_idhren_Mirion,0.24606834,0
nimp_hast_firiel,0.1338409,0
noroth_magol_faun,0.058682244,0
noroth_raug_cirdan,0.03603588,0
ogol_thul_rodwen,0.48583752,0
onodrim_fervain_ninglor,0.010738611,0
onodrim_heleg_lalaith,0.104403764,0
paich_Druadan_tachol,0.0179001,0
paich_alae_honeg,0.21825196,0
parf_tang_pess,0.0722362,0
pendrath_cirdan_thor,0.022072867,0
pendrath_gwend_riel,0.09554806,0
pendrath_lalaith_haeron,0.015652549,0
peredhel_espalass_amarth,0.68328947,0
peredhel_pennas_archam,0.11184087,0
pess_aeruil_anwar,0.042110804,0
pess_ingem_thamas,0.010574417,0
pod_faun_sammar,0.113566175,0
pod_minai_salab,0.014647789,0
raef_Tawarwaith_mund,0.14076565,0
rhosc_onodrim_mund,0.104502276,0
riel_hervess_thamas,0.17741618,0
ris_nidh_bregedur,0.014112867,0
ris_tavor_navaer,0.042677015,0
roch_amloth_laer,0.009480155,0
rom_Mithrim_galenas,0.10044256,0
rom_lobor_lachenn,0.008329127,0
rudh_cabor_adab,0.30512798,0
rudh_per_adar,0.04684484,0
rust_pilin_balrog,0.09648418,0
rust_raug_eglan,0.29937655,1
rust_sador_emel,0.08653612,0
ryn_cenedril_mil,0.011487065,0
ryn_salab_hul,0.026465418,0
saelor_glass_gath,0.012699801,0
saer_archam_heledh,0.04526194,0
saig_minuial_ungol,0.79302424,1
salab_cabed_pilin,0.34834465,0
salph_Eru_mithren,0.053626407,0
sammar_corch_fae,0.13239923,0
soga_saer_elvellon,0.099240735,0
suil_corf_cae,0.02179961,0
suil_pennas_amdir,0.010751782,0
talraph_myril_aras,0.5521711,1
tamin_ah_hul,0.24957639,0
tathar_myril_nothrim,0.29151085,0
tegilbor_corf_alph,0.011623685,0
thamas_edlothiad_saer,0.0209822,0
tobas_rist_rhach,0.27546865,0
uanui_muil_emel,0.12432375,0
uir_alag_aran,0.026025066,0
ungol_bregedur_faen,0.017942369,0
uruk_saig_guldur,0.022864496,0
vin_aranarth_dol,0.24092948,1
vin_imloth_morgul,0.0104844645,0
ylf_Eluwaith_amlug,0.052126125,0
ylf_gwilwileth_glamor,0.015385604,0
ylf_panas_rust,0.013404785,0
Ennor_imloth_morgul,0.803396,1
Gonhir_fast_romru,0.6254175,1
Gwathuirim_drego_lebdas,0.032326534,0
Rochirrim_aiglos_achas,0.19798188,0
Rochirrim_araf_nimp,0.12633955,0
Rochirrim_nost_aes,0.018140929,0
Sindarin_gwachaedir_lachenn,0.122285806,0
ablad_vin_faen,0.76734424,1
adab_faun_aith,0.043200746,0
adab_peredhel_hend,0.32718867,0
adan_fern_nothrim,0.73484063,0
adan_galad_alagos,0.45152622,0
adel_pethron_imrad,0.84836954,1
aeglir_certh_bregedur,0.1547298,0
aeruil_corch_min,0.5056988,1
agar_badhor_agarwaen,0.62651443,0
agar_graw_pethron,0.6085743,0
agar_neledh_imrath,0.15783052,0
agor_certh_heron,0.3221801,0
ai_lorn_Mirion,0.016218267,0
alagos_honeg_bragol,0.0151027795,0
amath_ulug_Eru,0.036758542,0
amlug_ithron_Ennor,0.38191366,0
ank_gwaun_haradrim,0.92557883,0
balrog_minas_galvorn,0.091906995,0
barad_amath_salph,0.009168527,0
bragol_galvorn_gwend,0.0153552,0
braig_adar_laer,0.032620914,0
bronwe_imloth_ithildin,0.40406585,0
cae_draug_ryn,0.008312237,0
cair_muinthel_firiel,0.04261567,0
celair_ang_uan,0.21130063,1
celair_ank_alph,0.02675983,0
celair_gwael_in,0.10664005,0
celair_mir_fae,0.8263828,0
corch_forodrim_ira,0.011059378,0
cuil_helegnen_laug,0.16881077,0
daen_balrog_min,0.056171272,0
dagnir_calad_lost,0.08327109,0
dannas_ira_suil,0.29456505,0
dirnaith_fang_uan,0.07395792,0
dol_bronwe_mindon,0.0051529654,0
drego_thurin_gaur,0.010541361,0
elu_bronwe_lavan,0.019967867,0
erchion_hal_hadhod,0.014669921,0
eryn_badhor_nim,0.011298364,0
espalass_faun_drafn,0.31356207,0
espalass_hervenn_alae,0.12384105,0
fang_iar_pess,0.13790561,0
fast_aes_lost,0.009000162,0
faun_adab_rust,0.24632311,0
firen_law_cuin,0.30405292,0
firiel_meril_gas,0.014832216,0
firion_meldir_hun,0.50283176,0
galas_gul_ryn,0.012713315,0
gellui_Elrim_Dornhoth,0.20537958,0
glamog_minai_paich,0.015238165,0
glandagol_baneth_thor,0.08086871,0
glandagol_celeb_maecheneb,0.70635515,0
glass_maecheneb_rust,0.37361214,0
gondrath_aear_puig,0.705007,0
grond_cabor_achad,0.026676212,0
gul_ai_lalaith,0.32564577,0
gwathui_heron_minai,0.014004447,0
gwend_melethron_cuin,0.011599595,0
gwilwileth_mirdan_minai,0.038744748,0
hadhod_corch_fae,0.045373417,0
haeron_angos_cugu,0.08453424,0
hand_galad_aeruil,0.19895084,0
harad_neledh_ennorath,0.008309411,0
haust_amon_Tawarwaith,0.021253413,0
heledh_aeruil_hadhod,0.27889025,0
hervenn_meril_lathron,0.41159174,0
honeg_hud_bronwe,0.77939975,0
hwiniol_ist_baug,0.016151048,0
imrath_helegnen_calad,0.334494,0
inias_pilin_edlothiad,0.018485399,0
lachenn_badhor_gwend,0.080932915,1
lagor_cenedril_lost,0.035602592,0
lain_luin_cae,0.016037865,0
lam_maecheneb_limlug,0.6188863,1
lang_ablad_thavron,0.034894884,0
lang_hervenn_eilian,0.010028008,0
lebdas_Gwathuirim_rochir,0.07301902,0
lebdas_ryn_hend,0.8820918,1
luith_dunedhel_ira,0.094881065,0
maecheneb_galad_melethril,0.3251995,0
maethor_faen_cair,0.011200235,0
magor_dunadan_aran,0.06667566,0
manadh_loss_nost,0.09955858,0
meldir_fang_gwaun,0.021018744,0
meldir_iphant_ris,0.045750704,0
meldir_morn_gul,0.02711045,0
menel_gas_calad,0.6080755,0
menel_salab_pendrath,0.008628273,0
midh_morn_eglan,0.38085175,1
midh_pennas_neledh,0.19193289,1
mil_honeg_morn,0.020660328,0
minai_ira_ylf,0.01598666,0
minai_ulug_rudh,0.02011632,0
minas_Eluwaith_araf,0.06398451,0
mithril_minai_rodwen,0.019154677,0
morn_amath_hend,0.071243465,0
mund_morgul_saelor,0.07913923,0
myril_bragol_nagol,0.004749622,0
nadhras_lam_celon,0.19226848,0
naer_uruk_anwar,0.3152063,0
nagol_amdir_aranarth,0.029667841,0
nagol_gaurwaith_firen,0.04396847,0
nagol_iar_rust,0.013036304,0
nagol_minai_honeg,0.63485587,0
nestad_pent_gaur,0.6777101,0
nimbrethil_saer_saew,0.54722327,0
ninglor_laes_gwachaedir,0.016786687,0
nothrim_ulug_gellui,0.02766963,0
paich_glamog_glamor,0.08279013,0
per_glamor_hu,0.30597147,0
per_maethor_uan,0.009387404,0
pilin_lunt_uruk,0.008434159,0
rach_nath_gwathui,0.60833406,0
randir_mir_tobas,0.038071737,0
rhosc_cuin_gath,0.22836353,0
rhovan_gwaloth_elvellon,0.008786503,0
riel_baug_nell,0.011941676,0
rochben_minas_Elrim,0.12294499,0
rovalug_pent_lam,0.016756449,0
rudh_imloth_hu,0.03631415,0
ryn_ruith_celeb,0.01049486,0
saer_mirdan_calad,0.009919741,0
saer_pendrath_aegas,0.08830315,0
sirion_aphadrim_amath,0.36116356,0
soga_Eru_muil,0.070850894,1
soga_firen_rist,0.06546639,0
tamin_lam_cenedril,0.19065359,0
tamin_ungol_baneth,0.0068171606,0
tathar_lin_Eru,0.014964888,0
tegilbor_elvellon_hend,0.020161433,0
thul_lebed_nim,0.029530145,0
thurin_alae_randir,0.0061284625,0
ulug_corch_lam,0.06028289,0
ulug_hand_gellui,0.01246982,0
ungol_aeruil_heledh,0.08086073,0
ylf_rovalug_tinuviel,0.19316818,0
Dornhoth_inias_gond,0.018469423,0
Druadan_galas_Eluwaith,0.018703846,0
Elrim_cair_amon,0.010672086,0
Gwathuirim_hwiniol_celon,0.54305625,0
Ithil_minas_elvellon,0.2376274,0
Rochirrim_haeron_cenedril,0.1006801,0
Sindarin_lam_dunedhel,0.017565917,0
adab_drafn_amloth,0.25586653,0
adan_rom_alae,0.010528222,0
aear_glass_morn,0.16168335,0
aear_lunt_nana,0.3333897,0
aerlinn_Elrim_alph,0.2060702,0
aes_hub_law,0.45584568,0
aglareb_thangail_nana,0.075843506,0
agor_yll_tachol,0.01537101,0
ah_muinthel_tobas,0.6548723,0
ai_peredhel_laer,0.41455317,1
aiglos_roch_nim,0.03879857,0
alae_eryn_hand,0.032578323,0
alae_guldur_ithron,0.011652442,0
alph_ist_faun,0.016163655,0
anann_saew_aranarth,0.13454528,0
angos_dagnir_tamin,0.080679014,0
annon_gwend_lain,0.025161678,0
annon_lorn_baug,0.7970425,0
archam_puig_hervess,0.14621918,0
balrog_aear_Gwathuirim,0.06526427,0
baneth_nidh_cyron,0.04133581,0
bass_amarth_elvellon,0.52475524,0
bass_archam_rhosc,0.91042155,1
bragol_mirdan_ira,0.715984,0
braig_minai_ram,0.054109097,0
bronwe_aderthad_law,0.11152818,0
cae_Ennor_ulug,0.08291609,0
calad_dol_rhach,0.03452418,0
callon_perian_ulug,0.105288185,0
caras_corf_faradrim,0.6874614,0
celair_hud_paich,0.48600116,0
cirion_ungol_ira,0.08593137,1
corch_nagol_glaur,0.027834384,0
cuil_gwanur_panas,0.7752825,0
cuil_noroth_tachol,0.8919185,1
daen_loss_Druadan,0.021872884,1
daen_rochir_galvorn,0.09426132,0
dol_badhor_gwael,0.25244257,0
duin_cabed_Eru,0.18620063,0
dunedhel_imloth_nimp,0.35572097,0
dunedhel_saer_lorn,0.87404656,1
edlothiad_corch_cugu,0.79485613,0
eglan_adar_celeb,0.24113637,0
eilian_tathar_hend,0.75808805,0
elu_riel_aear,0.18703085,0
eredh_narthan_eryn,0.16276528,0
espalass_Eru_lalaith,0.047337297,0
espalass_dagnir_Mithrim,0.14510854,0
fae_myril_cugu,0.2081504,0
fern_firen_curunir,0.009646855,0
firen_lachenn_lend,0.009779574,0
firen_ogol_graw,0.6517215,0
galad_haust_luithien,0.0111621935,0
galenas_gwador_rust,0.018660933,0
gaur_callon_guldur,0.013894439,0
glamog_ennorath_mil,0.028110435,0
glamog_salph_hador,0.06826312,0
glandagol_aduial_aderthad,0.8575684,0
glandagol_morgul_hend,0.5040381,0
glass_roch_Druadan,0.012584878,0
glaur_heledh_galas,0.019370325,0
gobennas_hul_lhug,0.055202626,0
gobennas_nath_rochben,0.9049461,1
gul_glamog_gaur,0.7799094,1
gwachaedir_agar_hud,0.093180485,0
gwador_erchion_thamas,0.05216187,0
gwarth_gwanur_adar,0.019939851,0
gwarth_lebed_pent,0.09588778,0
harad_rhosc_malad,0.07800134,0
haradrim_helegnen_iaun,0.3101746,0
hast_heledh_thul,0.0091637885,0
heledir_corch_pennas,0.058952987,0
heron_bain_glae,0.023692435,0
heron_gondrath_nimp,0.021669684,0
hud_sogannen_riel,0.27919582,0
hul_idhren_iar,0.021961857,0
hun_pilin_mindon,0.88266283,1
hwiniol_Rochirrim_uruk,0.5184155,0
imlad_Ithil_Elrim,0.006334132,0
imloth_firiel_certh,0.67791325,1
imrad_in_puig,0.028062971,1
iphant_grond_nimbrethil,0.12011843,0
ira_laer_nath,0.022839278,0
ist_eglan_rom,0.110089354,0
lacha_badhor_raug,0.34460446,0
lachenn_angos_amlug,0.8691345,0
lachenn_law_vin,0.1661581,0
laer_cund_elvellon,0.2950923,0
laes_acharn_tobas,0.44306958,0
lalaith_min_rhovan,0.18726034,0
lalaith_tirith_ris,0.015677178,0
laug_ennorath_glamog,0.13759911,0
lebed_adar_amath,0.014266232,0
lebed_erchion_emel,0.07919728,0
lembas_salph_balrog,0.14239103,0
lend_fuin_helegnen,0.03545594,0
lend_harad_aith,0.78299093,0
limlug_saew_Ithil,0.03179533,0
lin_pess_vin,0.3889011,0
lost_heleg_magol,0.009411323,0
luith_harad_saelor,0.5498712,0
lunt_braig_nana,0.046144623,0
lunt_sogannen_certh,0.7041859,1
maen_dam_heron,0.011003564,0
malad_eryn_gondrath,0.01478063,0
melethril_bragol_tirith,0.023420129,0
midh_gwachaedir_gli,0.010937788,0
min_talraph_Sindarin,0.8623991,1
mirdan_gli_paich,0.7324915,0
muil_faradrim_ungol,0.009907733,0
nagol_per_tachol,0.020462539,0
narthan_gwaloth_ris,0.029883785,0
neledh_lang_gwarth,0.08447905,0
nell_glandagol_dam,0.13286388,0
nost_archam_annon,0.00713286,0
nur_bass_curunir,0.12696828,0
onodrim_galenas_cugu,0.013380036,0
paich_ungol_hast,0.014642382,0
panas_hervess_mereth,0.19034225,0
parf_cugu_magol,0.29491815,0
parf_heledh_gwathui,0.030608203,0
pendrath_aes_Eru,0.54040337,0
pennas_gond_aran,0.032472026,0
pennas_sammar_Dornhoth,0.9220233,1
pent_edlothiad_law,0.22493075,0
peredhel_tegilbor_dagnir,0.21950729,0
pess_Mirion_raug,0.073453404,0
pess_ithron_lebdas,0.8452554,0
raef_galadh_aran,0.076919645,0
ram_lebdas_rist,0.7638285,0
randir_mereth_archam,0.105758235,0
rist_thamas_bragol,0.01996039,0
romru_morgul_lossen,0.4852198,0
rudh_ira_faun,0.06357348,0
sirion_gellui_adab,0.30304942,0
talraph_gwend_aeglir,0.10876393,0
tamin_aduial_parf,0.5631045,1
tathar_helegnen_guldur,0.81843334,0
tathar_uruk_adel,0.32773885,0
thamas_gwarth_gwathui,0.8950457,0
thangail_tang_galvorn,0.04216341,0
tinnu_imloth_laer,0.2193479,0
tirith_agarwaen_toll,0.048501227,0
uir_duin_faun,0.033961877,0
ulug_vin_Gonhir,0.27859184,0
uruk_aran_yll,0.017813645,0
uruk_cund_nath,0.094601914,0
Eluwaith_cyron_hwiniol,0.055158224,0
Eluwaith_nost_magol,0.027285352,0
Gwathuirim_gwanur_hu,0.7417836,0
Ithil_menel_agar,0.023877205,0
Mirion_lain_iaun,0.0142165935,0
Rochirrim_lang_hador,0.008279554,0
Rochirrim_raegdan_tavor,0.4109279,0
aerlinn_heron_luith,0.7650395,1
aerlinn_laer_aith,0.020865427,0
aerlinn_saer_nell,0.03176123,0
aes_sammar_thul,0.025554577,0
agarwaen_hu_fervain,0.41304958,0
ah_saelor_hend,0.39729157,0
ai_hub_hwiniol,0.04502705,0
aiglos_ryn_gwael,0.008507302,0
aith_gwarth_lagor,0.010835376,0
alae_dol_nimp,0.07654648,1
alae_saew_dannas,0.01663792,0
amloth_glamog_gwaun,0.04405439,0
anann_uir_ang,0.079332486,0
anwar_randir_myril,0.089384295,0
aran_honeg_sirion,0.07376561,0
baneth_harad_heledir,0.015704291,0
baneth_tamin_gli,0.1669515,0
barad_ogol_sammar,0.05469564,0
bass_echad_gwael,0.025938688,0
cabed_gellui_peredhel,0.49087742,0
cabor_gaurwaith_Gwathuirim,0.6690647,1
cae_Mithrim_fervain,0.087302364,0
calad_lobor_meril,0.16916737,0
celair_amon_hervess,0.04582862,0
cenedril_ram_rudh,0.11106189,0
corf_acharn_vin,0.094301276,0
cugu_gobennas_lebenedh,0.38709587,0
cuin_alae_nana,0.0076615317,0
curunir_melethril_galadh,0.0074263113,0
daen_lalaith_cabor,0.14875138,0
dagnir_Dornhoth_onodrim,0.032999106,0
dam_lossen_ira,0.13216299,0
dam_tamin_graw,0.01384799,0
dam_ungol_nestad,0.25163525,0
duin_firiel_saig,0.15293843,0
dunadan_helegnen_laes,0.018013401,0
eirien_lunt_rist,0.046081617,0
eirien_uir_pent,0.0650732,0
elu_agarwaen_gwachaedir,0.04638922,0
emel_cenedril_rudh,0.0050175684,0
eryn_lhug_lin,0.08433757,0
espalass_rudh_forodrim,0.037803873,0
fang_aear_adan,0.785406,0
fang_angos_rusc,0.16011873,0
fang_saelor_gellui,0.08454321,1
faradrim_annon_tinnu,0.10987147,0
faradrim_pennas_hun,0.016746147,0
firion_certh_fang,0.009171162,0
forodrim_mindon_hadhod,0.09512303,0
fuin_galenas_sogannen,0.036398273,0
fuin_uir_espalass,0.0075994437,0
gador_firen_fang,0.02338971,0
gador_uan_puig,0.33331394,0
galadhrim_hend_gwael,0.0076931864,0
gaur_tinnu_uruk,0.041999128,0
graw_fast_gaw,0.023905002,0
guldur_alag_sogannen,0.06698734,0
guldur_imlad_gaw,0.43032926,0
gwend_cirion_gil,0.38074568,0
hadhod_dagnir_cund,0.015351476,0
hadhod_navaer_saew,0.060887445,0
harad_galadh_Gonhir,0.13508694,0
haradrim_ablad_luith,0.49506417,0
haudh_tegilbor_agarwaen,0.042531632,0
heledh_ank_fern,0.011203405,0
heledir_nestad_corch,0.07253645,0
heleg_galad_fae,0.015913665,0
hend_muil_dannas,0.016097808,0
hervess_lachenn_uir,0.12111739,0
hul_bass_alagos,0.08076503,0
hul_mil_andrann,0.03537142,0
idhren_Ithil_nothrim,0.017556716,0
imrad_raug_barad,0.038571715,0
imrath_drafn_nost,0.14233975,0
imrath_nost_ithildin,0.0051087984,0
laes_achad_baug,0.015968153,0
lain_espalass_gellui,0.06046886,0
lalaith_galas_elvellon,0.051534325,0
lam_lain_gath,0.035740927,0
lass_tobas_sammar,0.048272125,0
lathron_amlug_imlad,0.022539185,0
laug_aduial_gador,0.098030515,0
lebdas_riel_cenedril,0.6114071,0
lebed_fern_agor,0.02711908,0
lebenedh_imrath_Gonhir,0.045527622,0
lebenedh_paich_faun,0.0118304435,0
lembas_corch_dagnir,0.013644005,0
lhug_minuial_achas,0.011114481,0
limlug_aderthad_mithril,0.04477816,0
lobor_ank_cuil,0.022996064,0
loss_anann_yll,0.091178104,0
loss_faun_amath,0.015913665,0
lunt_gaw_gaurwaith,0.796988,0
maecheneb_eryn_fervain,0.45537636,0
malad_acharn_Eluwaith,0.009866599,0
manadh_ithildin_rudh,0.5483392,0
meldir_faen_ingem,0.2113509,0
meldir_nagol_heron,0.19047101,0
menel_certh_tinnu,0.014686082,0
midh_raug_minas,0.56888163,0
mil_aear_Druadan,0.008101639,0
min_adan_bregedur,0.012973624,0
minas_rudh_harad,0.017082488,0
mindon_grond_pent,0.2932776,0
minuial_aphadrim_yll,0.13371716,0
mir_pilin_mithren,0.019608451,0
mithren_Eluwaith_barad,0.06089299,0
mithren_lin_in,0.6764235,0
mithril_imrath_tamin,0.62860644,0
muil_hun_alae,0.58709913,0
mund_muil_nidh,0.0153856715,0
myril_aear_agor,0.25109562,0
narthan_Ithil_gellui,0.026879735,0
narthan_alph_galas,0.15277833,0
narthan_bass_haudh,0.009719002,0
nath_glaur_dirnaith,0.016163593,0
nath_ira_thangail,0.84963197,0
neledh_tinuviel_inias,0.7562706,1
nell_cabor_min,0.046626296,0
nell_gwador_dirnaith,0.011902624,0
nim_gath_eredh,0.15899451,0
nim_gwathui_suil,0.1265329,0
nur_firiel_magor,0.016832864,0
ogol_minai_ninglor,0.0804193,0
onodrim_ruith_lang,0.75507295,0
pendrath_haradrim_pethron,0.012744392,0
pendrath_maethor_iar,0.0062710512,0
pent_sammar_drego,0.031490076,0
peredhel_gli_nagol,0.06250463,0
pess_myril_navaer,0.12123642,0
puig_annon_gilgalad,0.013748827,0
rach_drego_gul,0.01957981,0
raef_amlug_corch,0.014575453,0
raef_min_ram,0.013478763,0
raegdan_hand_adab,0.014430022,0
raug_rist_thamas,0.014797411,0
ris_aerlinn_minuial,0.018208047,0
rudh_elvellon_eglan,0.06573304,0
rust_ungol_gador,0.014326179,0
soga_naer_mirdan,0.08607488,0
suil_dunedhel_gil,0.18362497,0
talraph_gwael_lunt,0.08094728,1
talraph_tinnu_agarwaen,0.018838335,0
tann_gwaun_hub,0.1441271,0
thamas_amarth_eredh,0.70552385,0
thul_rochben_eglan,0.020163342,0
thul_sirion_baneth,0.037569396,0
toll_ninglor_ris,0.053717695,0
uan_lacha_heron,0.011718797,0
uir_pess_agar,0.011527922,0
yll_minai_gondrath,0.03112149,0
Druadan_galas_ram,0.8456875,0
Eru_lasguil_lossen,0.32615063,0
Mirion_lunt_fae,0.028817784,0
adab_cabor_gwaun,0.011588727,0
adab_thul_rust,0.07125728,1
adan_lhug_hervess,0.15978596,0
aeglir_Dornhoth_adan,0.11289745,0
aeglir_min_graw,0.010093696,0
aes_espalass_iphant,0.07305314,0
aglareb_araf_glamor,0.01675148,0
ah_anwar_Sindarin,0.04832552,0
ah_lam_lobor,0.065450355,0
aiglos_Sindarin_glass,0.12330709,0
aith_firen_corch,0.43212792,0
alagos_hador_melethril,0.3711943,0
amath_rochben_nim,0.03970917,0
anann_acharn_midh,0.09777992,0
ang_ungol_rochben,0.06930777,0
anwar_lunt_hador,0.0269664,0
anwar_mithren_hal,0.4449326,0
aran_dannas_malad,0.009093346,0
aran_hast_Eru,0.026327243,0
aranarth_faun_hand,0.16249314,0
aras_malad_Eru,0.7392666,0
bass_ulug_aegas,0.032748014,0
baug_gwarth_ram,0.009116187,0
baug_tavor_pent,0.17337848,0
braig_corch_dannas,0.20079212,0
cabed_min_sammar,0.020526288,0
cae_glae_gwador,0.39954883,0
caras_saelor_galas,0.0114112105,0
celair_ennorath_aphadrim,0.7182349,0
cenedril_espalass_ang,0.03651479,0
certh_bain_glamor,0.2876746,0
corf_hub_harad,0.0397743,0
cuil_magor_faen,0.018098185,0
cund_elvellon_mithren,0.02056701,0
daen_glaur_ram,0.12733245,0
dam_barad_fervain,0.20662335,0
dannas_Rochirrim_magor,0.17186427,0
dannas_amath_alagos,0.11602685,0
draug_mindon_galadh,0.01742235,0
eilian_perian_glamor,0.12417235,1
eirien_saer_tegilbor,0.018958727,0
emel_gobennas_lang,0.017196855,0
emel_iphant_haust,0.011239359,0
ennorath_balrog_gaur,0.33251366,0
ennorath_graw_hand,0.0135496445,0
ennorath_rusc_mindon,0.030097306,0
eredh_callon_saig,0.13524558,0
forodrim_lossen_ruith,0.010225738,0
gador_lost_mil,0.023890473,0
galad_lebenedh_uir,0.3976868,0
galad_nothrim_balrog,0.009336139,0
galadhrim_Eluwaith_gond,0.03980102,0
galadhrim_galadh_salph,0.012454985,0
galadhrim_roch_eglan,0.7780809,0
galas_sogannen_ank,0.007973673,0
galvorn_suil_fang,0.052635353,1
gaur_gaurwaith_elu,0.01923046,0
gaur_nimp_gwend,0.27928224,0
gaurwaith_gil_malad,0.82933927,0
gellui_ank_uir,0.053110126,0
gil_gath_morn,0.14060609,0
glamor_riel_hun,0.019875221,0
glaur_aith_salph,0.10960231,0
gondrath_rhun_eirien,0.06646427,0
gorn_meril_aderthad,0.072483376,0
grond_saelor_pess,0.056749906,0
gul_mithril_ungol,0.12333678,0
gwael_salab_mithren,0.019521793,0
gwarth_lebdas_cyron,0.016392201,0
gwaun_limlug_amon,0.030171836,0
gwend_hador_bain,0.01564873,0
hador_tinuviel_celair,0.036552176,0
hal_pethron_dunedhel,0.13884456,0
haradrim_laer_cenedril,0.039897393,0
haudh_caras_gaurwaith,0.059993215,0
haust_faen_ruith,0.15272872,0
heledh_cugu_aeruil,0.015712041,0
heledir_idhren_melethril,0.6028517,1
helegnen_cae_pendrath,0.024521187,0
hend_lost_barad,0.22342277,0
hervess_roch_espalass,0.07370565,0
hud_bellas_thangail,0.13724346,0
hwiniol_emel_dagnir,0.24880119,0
iaun_curunir_aegas,0.7308331,0
imlad_daen_iphant,0.26586875,0
imloth_anwar_thor,0.02100252,0
imrath_anwar_fang,0.12771986,0
in_gwaloth_gaw,0.44976804,0
inias_luin_tavor,0.0538455,0
iphant_muinthel_amdir,0.030443333,0
laer_anwar_lorn,0.0107079465,0
laes_lunt_aran,0.009035076,0
lain_acharn_lam,0.027062189,0
lathron_pess_aith,0.5431343,1
lebenedh_uan_hand,0.01282705,0
lembas_uan_laug,0.22411689,1
lhug_cae_Rochirrim,0.04658021,0
limlug_ingem_alae,0.012196136,0
lossen_haeron_faun,0.23661438,0
lossen_hervenn_gwanur,0.00677641,0
luin_tobas_ulug,0.42282254,0
maecheneb_drafn_thurin,0.020025691,0
maecheneb_pennas_ingem,0.018565083,0
maen_bass_rhovan,0.012656195,0
maen_ithron_laes,0.017906824,0
manadh_Eru_adab,0.008395332,0
manadh_hend_curunir,0.008911519,0
melethril_ogol_tirith,0.0065881023,0
midh_rist_vin,0.021786416,0
minas_rodwen_guldur,0.125445,0
mindon_heledh_gwador,0.018706143,0
minuial_gaurwaith_Gonhir,0.035484385,0
mir_alph_hadhod,0.007058759,0
mithren_nothrim_meldir,0.10803818,0
mithril_amarth_lossen,0.049373787,0
myril_thavron_eilian,0.021102382,0
neledh_mil_lathron,0.025428148,0
nestad_lass_dirnaith,0.019664105,0
nestad_pethron_elu,0.25289926,0
noroth_ingem_amdir,0.046619087,0
nost_ungol_gond,0.103273034,0
paich_rhovan_agar,0.011694606,0
panas_daen_soga,0.20876928,0
panas_thor_rhun,0.1117081,0
per_ris_idhren,0.1690316,0
perian_merilin_imrad,0.13086104,0
pethron_lagor_aeruil,0.14690118,0
pilin_nimbrethil_glass,0.010167394,0
puig_lebed_lain,0.031102296,0
rach_adan_cenedril,0.016940404,0
raegdan_tann_amarth,0.8960681,0
raegdan_tathar_dam,0.18451315,0
ram_pod_pendrath,0.011551745,0
rhun_dagnir_eryn,0.54492384,0
rochir_harad_corch,0.12112229,0
rodwen_lacha_maecheneb,0.059186593,0
rovalug_galadhrim_hun,0.12843716,0
rusc_galas_lhug,0.070774205,0
salph_daen_ira,0.16794407,0
salph_galadhrim_glaur,0.01289507,0
sammar_amarth_rusc,0.084022634,0
sogannen_gador_ang,0.062403005,0
tachol_drafn_nidh,0.167993,0
tachol_tang_pendrath,0.0129734,0
talraph_haeron_Mithrim,0.01468004,0
thul_mirdan_nadhras,0.8870901,0
thurin_Gonhir_Druadan,0.054844245,0
tirith_bregedur_galad,0.014795794,0
toll_eredh_faen,0.5037565,0
uanui_noroth_haust,0.030492267,0
ulug_Eluwaith_ingem,0.018269356,0
ulug_hervenn_menel,0.6260555,0
Dornhoth_salab_corch,0.08816066,0
Eru_alae_nath,0.05470825,0
Ithil_law_galas,0.093691565,0
Mithrim_mereth_rom,0.6670526,0
Tawarwaith_Gwathuirim_cabed,0.1300172,0
acharn_per_gwaloth,0.8834613,1
aear_morgul_heleg,0.10827668,0
aerlinn_nadhras_cund,0.036213733,0
aerlinn_sirion_gli,0.009447187,0
agar_cugu_glaur,0.008362511,0
ah_achad_bain,0.8341619,1
ah_navaer_agarwaen,0.02569767,0
aiglos_saig_mindon,0.048458893,0
aith_glass_firiel,0.011596211,0
alag_amlug_gaurwaith,0.24829508,0
alph_nana_panas,0.019023176,0
amon_corch_idhren,0.31282306,1
anann_raegdan_lost,0.47105747,0
annon_salab_aderthad,0.44098967,0
aphadrim_neledh_ist,0.09904887,0
araf_agar_maecheneb,0.012475188,0
araf_glamog_echad,0.5918771,1
aranarth_gellui_melethril,0.04571797,0
aranarth_sirion_adan,0.012164812,0
aras_ang_aeruil,0.010790702,0
archam_elu_rochben,0.0074888836,0
archam_hu_cirion,0.27494898,0
archam_lang_alph,0.017544748,0
badhor_talraph_lam,0.7182857,1
bellas_gul_aras,0.009374887,0
bellas_luithien_melethril,0.03740918,0
bragol_onodrim_nimbrethil,0.007650295,0
cabed_mereth_iphant,0.14854965,1
cabor_aran_melethril,0.85418236,0
cabor_firiel_rhosc,0.032272283,0
cabor_merilin_hwiniol,0.04577517,0
corch_ennorath_dagnir,0.009732357,0
corch_iphant_saelor,0.38276616,0
cugu_soga_mirdan,0.013651053,0
cuil_pent_yll,0.28120187,0
cyron_cair_vin,0.046759848,0
dannas_uanui_Ennor,0.016771672,0
dirnaith_aphadrim_adab,0.21371852,1
drafn_haradrim_nimbrethil,0.015137069,0
drafn_mund_lathron,0.90505266,0
draug_gwaloth_baug,0.06452691,0
drego_lachenn_minas,0.76888865,0
dunedhel_haust_nothrim,0.2536632,0
emel_mindon_sador,0.4139766,0
ennorath_eirien_tavor,0.007234539,0
faen_thamas_certh,0.8702966,0
faun_aerlinn_maen,0.021444034,0
fervain_idhren_Mirion,0.29362527,0
firen_drego_ablad,0.062483132,0
forodrim_myril_pilin,0.1583404,0
fuin_nadhras_hud,0.014545088,0
galenas_saer_rhosc,0.6482107,0
gas_tamin_ablad,0.4217208,0
gaurwaith_angos_lebdas,0.020000882,0
gellui_law_lalaith,0.13349085,0
gilgalad_eglan_maecheneb,0.90935004,0
glamor_celon_gondrath,0.014576691,0
glamor_iar_amloth,0.70501333,1
glass_rom_puig,0.28239834,0
glaur_narthan_hervenn,0.008022629,0
glaur_ogol_cugu,0.050954662,0
gond_alagos_andrann,0.02557484,0
grond_soga_ai,0.018009368,0
guldur_lebenedh_perian,0.10181887,0
guldur_lossen_tinuviel,0.016128514,0
guldur_nath_toll,0.0410834,0
gwaloth_espalass_angos,0.75240314,0
gwarth_mir_ris,0.016614122,0
gwaun_melethril_amdir,0.048710145,0
hador_aras_badhor,0.019999381,0
haradrim_ithildin_mereth,0.11958961,0
heledh_rochben_drego,0.27974394,0
honeg_raug_morn,0.004502241,0
hub_nur_rhovan,0.022696896,0
hub_saew_nestad,0.036182165,0
iar_aranarth_hwiniol,0.025641846,0
iar_cair_fuin,0.011579401,0
iaun_lacha_corch,0.5109043,0
idhren_Elrim_hun,0.23820136,0
iphant_gwador_glandagol,0.090310104,0
iphant_neledh_archam,0.7009753,0
lacha_eirien_fang,0.8730137,1
lacha_saig_ulug,0.21646708,0
lagor_gobennas_aiglos,0.01220164,0
lebed_gaurwaith_fang,0.014151646,0
lebed_ithildin_galas,0.008480793,0
lebed_saew_minuial,0.051636275,0
limlug_gul_mir,0.24235654,0
lin_gador_talraph,0.04276166,0
loss_tann_melethron,0.048263505,0
luith_hador_minuial,0.07297457,0
lunt_saelor_Mirion,0.027836155,0
maecheneb_firiel_curunir,0.031336077,0
maethor_hal_glamog,0.012366114,0
magol_ai_rochir,0.00893791,0
magol_eredh_tathar,0.16341467,0
manadh_melethron_rovalug,0.07104783,0
melethron_thul_aranarth,0.015836837,0
mil_ank_callon,0.017955093,0
minas_eglan_lebdas,0.25721937,0
minas_lebed_minai,0.012235764,0
mindon_grond_emel,0.16751507,0
mindon_tamin_ah,0.010083252,0
mithren_daen_acharn,0.67737657,0
mithril_espalass_Mirion,0.060902692,0
morgul_acharn_gaurwaith,0.43364057,0
morn_tinuviel_cae,0.00851573,0
mund_callon_merilin,0.73013264,1
mund_galas_rust,0.38122305,1
mund_gwador_alagos,0.0132359825,0
nadhras_ylf_in,0.10169091,1
nana_Ennor_rudh,0.018084036,0
nana_dirnaith_limlug,0.029585654,0
nidh_rist_lost,0.06628899,0
nimp_alph_faen,0.5491497,0
nimp_braig_heron,0.025534766,0
nimp_imlad_lost,0.29117814,0
noroth_aranarth_faun,0.09139268,0
noroth_glandagol_rodwen,0.041178394,0
nost_pent_limlug,0.010772485,0
panas_aglareb_aear,0.015228774,0
per_iar_badhor,0.01492867,0
peredhel_nana_baneth,0.046563745,0
randir_celeb_Druadan,0.00909902,0
rhach_lorn_Tawarwaith,0.30443072,1
rhach_ninglor_calad,0.01673092,0
rhach_pilin_menel,0.008107739,0
rhovan_suil_nath,0.010964448,0
riel_tobas_Tawarwaith,0.09505486,0
ris_aduial_laer,0.03422082,0
rist_lathron_saelor,0.039801765,0
roch_lhug_archam,0.035521973,0
rochben_cugu_galenas,0.42338362,0
rochben_lagor_galad,0.15862216,0
saer_amarth_balrog,0.34989947,0
saer_cabed_rom,0.19642738,0
saig_lost_duin,0.67461914,0
salab_dagnir_gobennas,0.05822137,0
suil_lebenedh_tang,0.087504216,0
suil_mil_aeglir,0.86162573,0
tamin_dol_ylf,0.019486705,0
tang_fervain_ai,0.009332119,0
thor_aeruil_narthan,0.018078182,0
tinuviel_tann_nidh,0.06940905,0
toll_rist_bragol,0.10489164,0
uan_braig_amlug,0.06143943,0
uir_gaw_aeruil,0.054544907,0
yll_merilin_rach,0.07563506,1
Dornhoth_gwend_nagol,0.11856379,0
Dornhoth_thurin_gwaloth,0.0170105,0
Eluwaith_amarth_iar,0.02506183,0
acharn_firion_morn,0.010374572,0
adab_amdir_gli,0.4780818,0
adar_law_agor,0.10564118,0
agarwaen_guldur_Ithil,0.0078395475,0
alagos_rach_ris,0.020032728,0
amdir_ruith_braig,0.052662812,0
amloth_iphant_nur,0.49466208,0
andrann_galas_rochben,0.02015782,0
angos_pod_cabed,0.08997395,0
ank_rovalug_eilian,0.1716891,0
anwar_thamas_agar,0.14599366,0
araf_lebenedh_nost,0.008069206,0
aranarth_rhovan_lasguil,0.57875127,0
aranarth_tobas_gellui,0.014636394,0
balrog_gond_fuin,0.029006636,0
bass_myril_guldur,0.023293234,0
bragol_galenas_raug,0.23460805,0
bronwe_riel_pilin,0.11385003,0
cae_cair_merilin,0.31434685,0
cae_gwaloth_nagol,0.046568476,0
callon_raef_espalass,0.4455237,0
callon_tobas_meldir,0.013656657,0
cenedril_Eluwaith_cae,0.06848423,0
cirion_cabor_thurin,0.016601857,0
cirion_gaur_gaw,0.005122983,0
cund_faen_nagol,0.013268196,0
duin_aegas_gwael,0.037675645,0
duin_forodrim_lin,0.34881657,0
dunadan_baneth_magol,0.09800576,0
eglan_sador_galadhrim,0.04531256,0
eirien_minuial_nim,0.0534167,0
elu_edlothiad_minai,0.03426201,0
elu_thamas_gil,0.014636394,0
emel_archam_rusc,0.05744359,0
ennorath_drafn_emel,0.008485828,0
erchion_magor_rach,0.018568983,0
eredh_hadhod_lass,0.0097555425,0
eryn_pent_tegilbor,0.09170204,0
firen_agor_rusc,0.26644936,0
firion_lorn_certh,0.15299731,0
fuin_minas_cair,0.18895665,0
galadhrim_noroth_duin,0.019597098,0
galas_hu_corch,0.029968025,0
galas_tinuviel_nadhras,0.41170114,0
gath_celeb_uanui,0.021285964,0
gath_rodwen_suil,0.09735469,0
gaurwaith_paich_ryn,0.1374097,0
gaw_lebed_grond,0.00538291,0
glae_gul_sirion,0.04188477,0
glae_ira_glamog,0.02581035,0
glamor_cirion_adar,0.029401822,0
glamor_gwend_baug,0.017462071,0
gli_aderthad_hub,0.08741249,0
gwaloth_corch_Druadan,0.010837937,0
gwaun_gwael_glandagol,0.009608566,0
gwaun_manadh_hand,0.010896503,0
gwaun_ruith_amarth,0.017738815,0
gwilwileth_pennas_hend,0.07363939,0
hal_certh_pilin,0.08358939,0
hal_myril_bass,0.027187482,0
hand_perian_navaer,0.01790988,0
harad_nost_firen,0.011753994,0
hast_nath_aiglos,0.16973177,0
heledh_aes_luith,0.054497458,0
heledh_tinnu_thamas,0.008177458,0
heron_barad_gwilwileth,0.009507136,0
hwiniol_cirion_angos,0.016866919,0
hwiniol_gwaun_callon,0.005333385,0
hwiniol_meril_minas,0.10052417,0
imlad_espalass_melethril,0.075200096,0
imloth_alae_mirdan,0.022939077,0
ist_cenedril_daen,0.05970126,0
ithildin_firion_meril,0.019320346,0
ithildin_laes_aglareb,0.15119492,0
laer_hervess_celeb,0.62699485,0
laer_nell_randir,0.22231825,0
lain_echad_hend,0.16536893,0
lain_yll_imrad,0.009964368,0
lalaith_hud_dirnaith,0.0114492215,0
lang_Ithil_hu,0.5655486,0
lass_fang_nadhras,0.08435394,0
lathron_echad_dol,0.034263242,0
lebenedh_dunadan_aerlinn,0.009752802,0
lebenedh_hwiniol_perian,0.06831407,0
lend_faradrim_glamog,0.006112188,0
lorn_aglareb_grond,0.012144949,0
lorn_magol_thavron,0.18229869,0
loss_cabor_rust,0.08354241,0
lunt_firion_gwaloth,0.06603437,0
maethor_glass_edlothiad,0.16689904,0
magol_rochben_adab,0.26126292,0
manadh_ennorath_nana,0.12857357,0
melethril_minas_ang,0.06868519,0
min_gil_lalaith,0.3191801,0
minas_corch_celair,0.0110328505,0
minas_fuin_midh,0.014840768,0
minas_lebed_bellas,0.022168746,0
mirdan_gul_imrath,0.054762986,0
mithril_nur_celon,0.00916552,0
morgul_ang_firiel,0.011561152,0
muil_imrath_per,0.008424615,0
nana_menel_randir,0.14210694,0
narthan_gas_alagos,0.26500565,0
nath_Eru_faen,0.20612721,0
neledh_min_melethron,0.011913374,0
nestad_honeg_Gonhir,0.011201528,0
nimbrethil_imlad_saig,0.029741835,0
ninglor_ruith_vin,0.017322468,0
nost_pod_drafn,0.009168157,0
ogol_sogannen_mund,0.01410239,0
peredhel_alagos_lain,0.017687144,0
pess_gwend_Gonhir,0.041478865,0
pethron_baug_braig,0.07128713,0
rach_gaw_tobas,0.15320767,0
rach_gwador_tachol,0.015746852,0
raef_aegas_agar,0.005561878,0
raegdan_lam_ennorath,0.009939715,0
raug_nim_balrog,0.009700474,0
rhach_aegas_imloth,0.037197597,0
riel_ram_harad,0.018763352,0
ris_certh_mereth,0.0092235515,0
rist_cugu_rust,0.23582031,0
romru_ris_aeruil,0.019897824,0
rusc_hend_salab,0.0049046916,0
rust_Rochirrim_lacha,0.008787411,0
ryn_Eluwaith_morn,0.056308687,0
saig_saew_panas,0.44838274,0
salab_agarwaen_heledir,0.015793024,0
sammar_gaur_ram,0.0056819627,0
soga_narthan_lembas,0.009755372,0
suil_min_ris,0.33926043,0
tann_minas_melethron,0.030237872,0
tavor_nath_ai,0.019735338,0
tegilbor_noroth_heledh,0.0045911316,0
tegilbor_toll_faun,0.22038727,0
thangail_nost_parf,0.77187765,0
thor_pod_agarwaen,0.10065801,0
thurin_aeruil_calad,0.013746045,0
thurin_cabor_hervess,0.021250896,0
thurin_soga_rovalug,0.019175911,0
thurin_tachol_amlug,0.02138666,0
tinnu_faun_gobennas,0.10774575,0
tinnu_raef_thor,0.08311321,0
tinuviel_luin_melethril,0.010505137,0
tobas_myril_laug,0.008799598,0
ulug_grond_firen,0.056426946,0
uruk_paich_peredhel,0.04939098,0
ylf_dol_melethron,0.007310296,0
ylf_imrath_galvorn,0.051429838,0
Gonhir_fervain_ah,0.13281293,0
Gonhir_limlug_harad,0.05244238,0
Mirion_galadh_heledh,0.07238951,0
Mithrim_lang_elvellon,0.7389431,0
Mithrim_mund_gas,0.024834445,0
achas_riel_braig,0.070350416,0
adan_cae_morgul,0.048440285,0
adar_maethor_lasguil,0.02061458,0
aderthad_nimbrethil_gellui,0.28223714,0
aduial_mindon_harad,0.46528393,0
aear_agarwaen_cund,0.033177264,0
aegas_gaw_navaer,0.008914368,0
aegas_tobas_dunedhel,0.170626,0
aerlinn_Eru_cenedril,0.033067193,0
aglareb_imloth_cabor,0.040143114,0
agor_luithien_harad,0.046546638,0
ah_Druadan_gwador,0.0357079,0
ah_gorn_per,0.014674843,0
aiglos_emel_talraph,0.012899932,0
alph_celon_archam,0.010461123,0
amarth_pilin_ram,0.07899553,0
amath_heron_minas,0.0425144,0
amath_nadhras_rhun,0.05350696,0
amdir_hul_hervenn,0.0242025,0
amon_adel_aeglir,0.012658001,0
annon_elvellon_gorn,0.22139156,0
aphadrim_tegilbor_helegnen,0.017635535,0
archam_gli_heron,0.020484954,0
badhor_hervenn_minai,0.009173142,0
bass_gwilwileth_lunt,0.45631185,0
bronwe_galas_cund,0.19247569,0
caras_aderthad_glass,0.7632214,0
celair_nath_gwachaedir,0.015970046,0
cenedril_anann_aegas,0.00840185,0
cenedril_gas_eglan,0.34340134,0
certh_lachenn_dunedhel,0.45452407,0
cirion_rhun_gas,0.026678534,0
corch_Mirion_araf,0.05994092,0
corch_hadhod_hul,0.7343441,0
corch_mithril_cabed,0.018658752,0
cugu_gil_laes,0.024085404,0
cyron_gwaun_lain,0.024076533,0
dam_pent_fern,0.4966004,0
dannas_aiglos_drafn,0.06322102,0
duin_honeg_nost,0.22000177,0
edlothiad_dunedhel_hast,0.00851637,0
eilian_suil_raef,0.011009442,0
elvellon_glass_gwarth,0.0773374,0
eredh_galvorn_agor,0.011377152,0
faradrim_thavron_firen,0.031267937,0
forodrim_cyron_lebdas,0.12748861,0
fuin_lathron_alph,0.19986227,0
fuin_naer_elu,0.1701138,0
galad_raegdan_hand,0.016968802,0
galadh_drafn_achad,0.014173534,0
galadh_ingem_maethor,0.008561811,0
gil_saew_neledh,0.023909593,0
gilgalad_rom_gwathui,0.013672643,0
glamor_gellui_mithren,0.02572055,0
graw_aear_iphant,0.017417205,0
grond_bellas_paich,0.053369094,0
gul_agar_gwaloth,0.009301303,0
gwachaedir_bronwe_pess,0.020180186,0
gwarth_dagnir_imrad,0.009622153,0
gwilwileth_galad_lebdas,0.40617305,0
gwilwileth_hal_Sindarin,0.12642038,0
hadhod_law_perian,0.0075110868,0
hador_gwaun_saig,0.23478097,0
hand_raef_gellui,0.15023965,0
harad_tinuviel_gaw,0.017287644,0
hast_aduial_laug,0.14932354,0
heledh_tamin_gilgalad,0.009545623,0
heledir_rust_archam,0.00851783,0
heleg_curunir_ablad,0.031404104,0
heleg_nagol_raegdan,0.009203326,0
heron_celon_iphant,0.009371566,0
hud_hub_lavan,0.0076347087,0
idhren_honeg_rhosc,0.07324915,0
imlad_laer_magor,0.040077996,0
ira_tinuviel_uir,0.018611886,0
laes_nestad_alph,0.014830401,0
lain_corch_bain,0.018869385,0
laug_idhren_manadh,0.012639566,0
lavan_pod_gli,0.014891578,0
lebdas_curunir_cugu,0.024436139,0
lebed_amdir_aran,0.13032065,0
lhug_iar_pent,0.0211927,0
loss_gobennas_law,0.010793656,0
lossen_mund_aeruil,0.15377223,0
luin_hervenn_echad,0.06585001,0
luin_naer_ingem,0.25885072,0
maecheneb_gwarth_amarth,0.34755987,0
maen_raef_onodrim,0.027575467,0
maethor_firiel_rusc,0.028694829,0
maethor_imloth_Eru,0.057022896,0
menel_lebenedh_faradrim,0.057180807,0
mereth_forodrim_haradrim,0.057915416,0
merilin_tann_barad,0.24161349,0
midh_nidh_Eru,0.0186337,0
mil_eryn_callon,0.07823028,0
min_aerlinn_ah,0.027403852,0
min_imrath_thul,0.0065006227,0
minai_hub_gwael,0.06375399,0
minuial_callon_ruith,0.06765259,0
minuial_law_hervess,0.1835346,0
mir_dunedhel_per,0.4715794,0
muil_nur_lachenn,0.029936183,0
muil_sammar_lossen,0.65713704,0
muinthel_faun_rochben,0.008520149,0
muinthel_noroth_lembas,0.05936664,0
mund_sammar_aith,0.076567836,0
myril_galadh_anwar,0.017849246,0
nagol_eredh_rhach,0.29901776,0
narthan_braig_uan,0.24658576,0
navaer_morgul_inias,0.020844484,0
nestad_cae_corf,0.028150346,0
nidh_acharn_law,0.31947336,0
nimp_aear_lasguil,0.017085364,0
noroth_drego_forodrim,0.3495817,0
nothrim_bronwe_gellui,0.009033692,0
paich_maecheneb_luithien,0.26873693,0
per_min_badhor,0.15195657,0
peredhel_imrad_saer,0.008277421,0
pethron_eilian_rach,0.020559747,0
raegdan_baneth_melethron,0.055039052,0
rhovan_aes_perian,0.26268438,0
rhovan_noroth_hervenn,0.07784116,0
ris_Eru_Ithil,0.008636497,0
rist_hal_cirdan,0.09692595,0
rom_in_nur,0.011224959,0
rudh_luin_uan,0.011971775,0
ruith_lalaith_heron,0.014686885,0
ryn_Ithil_Ennor,0.2696955,0
ryn_laer_acharn,0.008518809,0
ryn_rhosc_ylf,0.025715042,0
saelor_harad_uanui,0.012900711,0
saew_andrann_rhosc,0.14154525,0
saig_lathron_Rochirrim,0.06916167,0
salph_badhor_tavor,0.029174462,0
sammar_calad_alph,0.14443386,0
soga_mir_fuin,0.05059652,0
tamin_achas_lebed,0.009119485,0
tamin_yll_panas,0.045970153,0
tathar_tobas_gobennas,0.2870803,0
toll_maecheneb_aranarth,0.17232707,0
uanui_rist_tamin,0.2224785,0
uruk_cirion_tamin,0.01131335,0
Eluwaith_Druadan_cuin,0.2118386,0
Eluwaith_tathar_gwend,0.016610969,0
Eru_meldir_ulug,0.019591663,0
Eru_mithren_aras,0.11697551,0
Gonhir_thavron_maen,0.21755649,0
Ithil_caras_hadhod,0.024293063,0
Mirion_gwathui_lebdas,0.01568428,0
Rochirrim_navaer_luithien,0.011407857,0
Tawarwaith_rovalug_mund,0.007671943,0
achas_rom_cair,0.029486045,0
adan_lachenn_gwanur,0.008827338,0
adel_tirith_riel,0.13317603,0
aegas_ryn_imlad,0.069452055,0
agarwaen_tobas_andrann,0.09209417,0
agor_grond_min,0.7250608,0
amarth_saew_melethron,0.014678039,0
amdir_ithildin_laer,0.015523763,0
anann_ungol_agarwaen,0.12216714,1
ank_cirdan_ryn,0.014571089,0
ank_parf_laes,0.009377472,0
aphadrim_aduial_perian,0.84761024,0
aras_nadhras_galas,0.04938146,0
bain_caras_nath,0.02294933,0
barad_glamor_riel,0.014276817,0
baug_agarwaen_angos,0.043806024,0
bragol_fae_aphadrim,0.01202932,0
bragol_gwachaedir_nost,0.3380587,0
bragol_laes_tathar,0.4739574,1
bragol_pethron_anwar,0.31414124,0
braig_fern_nim,0.064290695,0
braig_graw_bellas,0.709699,0
braig_loss_hal,0.07634122,1
bregedur_minai_aerlinn,0.009164796,0
cabor_minas_Gonhir,0.010856483,0
cair_erchion_ist,0.010992124,0
calad_malad_faen,0.01518411,0
calad_morgul_nana,0.33335382,0
callon_nagol_elvellon,0.11840302,0
cenedril_thavron_salph,0.025680363,0
corch_cabor_sirion,0.00896293,0
corch_roch_gellui,0.015131209,0
corf_archam_haudh,0.008205781,0
daen_gwaloth_galas,0.38722292,0
dannas_glandagol_maethor,0.8242355,1
dirnaith_maecheneb_pilin,0.4763427,0
drego_hervess_erchion,0.008951334,0
drego_luin_tinnu,0.58837396,0
dunadan_naer_faradrim,0.008267465,0
eglan_badhor_galas,0.033349615,0
eilian_daen_lebed,0.046620775,0
eirien_hub_bass,0.009171162,0
eirien_uan_Mirion,0.009784296,0
elu_muinthel_navaer,0.009649063,0
ennorath_espalass_Druadan,0.03646857,0
ennorath_tavor_mithril,0.85759,0
eryn_ris_laug,0.013027554,0
faen_galadh_celon,0.18122861,0
fast_lobor_lacha,0.01069001,0
faun_sammar_ist,0.014524315,0
fern_amdir_ingem,0.121086255,0
galad_emel_iar,0.19066581,0
galad_malad_gwend,0.0740978,0
galenas_gaw_tobas,0.006903532,0
gas_tavor_Sindarin,0.12139424,0
gaur_ang_rhovan,0.0643535,0
glae_pennas_ninglor,0.06073329,0
glamog_ang_maecheneb,0.007213083,0
glamor_erchion_faen,0.022909619,0
glaur_cabed_tavor,0.06276663,0
gorn_aderthad_cabor,0.008443948,0
guldur_anwar_aderthad,0.011298794,0
guldur_hervenn_gil,0.024464676,0
gwael_heleg_nur,0.016426733,0
gwarth_onodrim_anann,0.04222037,0
gwend_faun_hand,0.090158366,0
gwilwileth_ah_graw,0.038890783,0
hal_aranarth_rhun,0.05176071,0
hal_nestad_ingem,0.020002421,0
haudh_melethron_amloth,0.015303028,0
haust_anwar_heron,0.15414897,0
helegnen_lachenn_aes,0.025650658,0
heron_amloth_draug,0.01655755,0
hervess_amdir_bregedur,0.078357026,0
honeg_laer_uanui,0.14628626,0
hub_rusc_braig,0.07700615,0
hul_firion_callon,0.1412427,1
hun_bragol_draug,0.012780455,0
imrad_amlug_aran,0.20205946,0
imrath_haust_lain,0.46785954,0
ingem_per_lin,0.009022549,0
ingem_rust_pilin,0.09863209,0
ira_haeron_panas,0.019759374,0
lachenn_guldur_Mithrim,0.13981149,0
lagor_adar_maethor,0.020626161,0
lagor_rovalug_harad,0.014184646,0
laug_riel_callon,0.67265975,0
lavan_magor_meldir,0.019847,0
lebed_cair_lavan,0.009604195,0
lebed_law_elvellon,0.22918166,0
lebenedh_celon_peredhel,0.06815046,0
lembas_corf_ylf,0.51035917,0
lin_graw_hend,0.66910744,1
lin_uir_uruk,0.19111525,0
lossen_loss_rust,0.08426136,0
luin_Eluwaith_thangail,0.68003005,0
luithien_honeg_rovalug,0.02024284,0
lunt_lossen_gwathui,0.07830931,0
maecheneb_galadh_Tawarwaith,0.20394543,0
maecheneb_melethron_mir,0.75838834,0
maen_agarwaen_fast,0.01891555,0
maethor_tinnu_saer,0.06260887,0
malad_emel_loss,0.017245367,0
melethril_gellui_tavor,0.16088021,0
menel_aphadrim_aderthad,0.0091849435,0
meril_pethron_onodrim,0.020763228,0
min_forodrim_hal,0.045539316,0
mindon_magol_gwend,0.0053847795,0
mithril_tachol_ang,0.06473443,0
myril_Mithrim_gwanur,0.12766035,0
myril_uir_lost,0.11223675,1
nath_lang_naer,0.35014465,1
nestad_merilin_lain,0.08759024,0
nost_thangail_rhun,0.13748313,0
nothrim_rhach_achas,0.22183362,0
nur_Sindarin_lost,0.019387344,0
pennas_achas_gwilwileth,0.08927574,0
pennas_sirion_firiel,0.014779885,0
pent_hador_fuin,0.023662608,0
peredhel_idhren_lebdas,0.255119,0
perian_ablad_faen,0.6815372,0
pethron_lachenn_toll,0.3416243,0
pilin_balrog_magor,0.018013438,0
rach_lass_tathar,0.2614446,1
raug_aran_eryn,0.033382144,0
rhovan_uruk_bragol,0.00833209,0
rhun_mithril_baneth,0.025608411,0
ris_manadh_cenedril,0.13235481,0
rist_gwador_sammar,0.010791962,0
rodwen_elvellon_roch,0.6944891,0
rudh_fang_alagos,0.023779722,0
sador_heledir_gil,0.022392124,0
tachol_nana_pendrath,0.034089893,0
tachol_saew_sammar,0.038693916,0
tamin_imrad_salab,0.033116654,0
tang_lebenedh_rust,0.047092427,0
tegilbor_luithien_glass,0.28879273,0
thor_gwaloth_aegas,0.38921443,0
thor_mithril_tobas,0.12726328,0
tinnu_gellui_tathar,0.066647075,0
uir_heleg_corf,0.009831625,0
uir_rhosc_law,0.35471988,0
uruk_in_pess,0.008891592,0
ylf_alph_mindon,0.06582388,0
